ciclo,lote,uf,veiculo,data,distancia_percorrida
ciclo 1,1,AC,QXH-5198,2020-09-18,"39,0"
ciclo 1,1,AC,QXH-5198,2020-09-19,"257,0"
ciclo 1,1,AC,QXH-5198,2020-09-20,"114,0"
ciclo 1,1,AC,QXH-5198,2020-09-21,"33,0"
ciclo 1,1,AC,QXH-5198,2020-09-22,"234,0"
ciclo 1,1,AC,QXH-5198,2020-09-23,"220,0"
ciclo 1,1,AC,QXH-5198,2020-09-24,"182,0"
ciclo 1,1,AC,QXH-5198,2020-09-25,"113,0"
ciclo 1,1,AM,QXH-5198,2020-09-02,"93,0"
ciclo 1,1,AM,QXH-5198,2020-09-03,"90,0"
ciclo 1,1,AM,QXH-5198,2020-09-04,"123,0"
ciclo 1,1,AM,QXH-5198,2020-09-05,"130,0"
ciclo 1,1,AM,QXH-5198,2020-09-16,"169,0"
ciclo 1,1,AM,QXH-5198,2020-09-18,"65,0"
ciclo 1,1,AP,QXH-5198,2020-08-16,"113,0"
ciclo 1,1,AP,QXH-5198,2020-08-17,"308,0"
ciclo 1,1,AP,QXH-5198,2020-08-18,"52,0"
ciclo 1,1,DF,QXH-5198,2020-07-16,"47,0"
ciclo 1,1,DF,RFA-5H23,2020-07-17,"33,0"
ciclo 1,1,DF,RFA-5H23,2020-07-18,"34,0"
ciclo 1,1,DF,RFA-5H23,2020-07-20,"28,0"
ciclo 1,1,DF,RFA-5H23,2020-07-21,"37,0"
ciclo 1,1,DF,RFA-5H23,2020-07-24,"3,0"
ciclo 1,1,GO,QXH-5198,2020-07-17,"98,0"
ciclo 1,1,GO,QXH-5198,2020-07-18,"44,0"
ciclo 1,1,GO,RFA-5H23,2020-07-17,"90,0"
ciclo 1,1,GO,RFA-5H23,2020-07-18,"110,0"
ciclo 1,1,GO,RFA-5H23,2020-07-19,"245,0"
ciclo 1,1,GO,RFA-5H23,2020-07-21,"41,0"
ciclo 1,1,GO,RFA-5H23,2020-07-24,"147,0"
ciclo 1,1,GO,RFA-5H23,2020-07-25,"103,0"
ciclo 1,1,GO,RFA-5H23,2020-07-26,"137,0"
ciclo 1,1,GO,RFA-5H23,2020-07-27,"54,0"
ciclo 1,1,GO,RFA-5H23,2020-07-28,"156,0"
ciclo 1,1,GO,RFA-5H23,2020-08-03,"84,0"
ciclo 1,1,GO,RFA-5H23,2020-08-05,"91,0"
ciclo 1,1,GO,RFA-5H23,2020-08-06,"163,0"
ciclo 1,1,GO,RFA-5H23,2020-08-07,"128,0"
ciclo 1,1,GO,RFA-5H23,2020-08-08,"78,0"
ciclo 1,1,GO,RFA-5H23,2020-08-09,"141,0"
ciclo 1,1,GO,RFA-5H23,2020-08-10,"173,0"
ciclo 1,1,GO,RFA-5H23,2020-08-11,"98,0"
ciclo 1,1,GO,RFA-5H23,2020-08-12,"79,0"
ciclo 1,1,GO,RFA-5H23,2020-09-27,"45,0"
ciclo 1,1,GO,RFA-5H23,2020-09-28,"113,0"
ciclo 1,1,GO,RFA-5H23,2020-09-29,"103,0"
ciclo 1,1,MS,RFA-5H23,2020-08-04,"205,0"
ciclo 1,1,MS,RFA-5H23,2020-08-13,"100,0"
ciclo 1,1,MS,RFA-5H23,2020-08-14,"99,0"
ciclo 1,1,MS,RFA-5H23,2020-08-15,"127,0"
ciclo 1,1,MS,RFA-5H23,2020-08-16,"42,0"
ciclo 1,1,MS,RFA-5H23,2020-08-17,"101,0"
ciclo 1,1,MS,RFA-5H23,2020-08-18,"52,0"
ciclo 1,1,MS,RFA-5H23,2020-08-19,"94,0"
ciclo 1,1,MS,RFA-5H23,2020-08-20,"46,0"
ciclo 1,1,MS,RFA-5H23,2020-08-22,"138,0"
ciclo 1,1,MS,RFA-5H23,2020-08-23,"52,0"
ciclo 1,1,MS,RFA-5H23,2020-08-24,"144,0"
ciclo 1,1,MS,RFA-5H23,2020-08-25,"130,0"
ciclo 1,1,MS,RFA-5H23,2020-08-26,"98,0"
ciclo 1,1,MS,RFA-5H23,2020-08-27,"34,0"
ciclo 1,1,MS,RFA-5H23,2020-08-28,"12,0"
ciclo 1,1,MS,RFA-5H23,2020-08-29,"84,0"
ciclo 1,1,MS,RFA-5H23,2020-08-30,"73,0"
ciclo 1,1,MS,RFA-5H23,2020-08-31,"122,0"
ciclo 1,1,MS,RFA-5H23,2020-09-01,"100,0"
ciclo 1,1,MS,RFA-5H23,2020-09-05,"80,0"
ciclo 1,1,MS,RFA-5H23,2020-09-06,"56,0"
ciclo 1,1,MS,RFA-5H23,2020-09-08,"62,0"
ciclo 1,1,MS,RFA-5H23,2020-09-09,"107,0"
ciclo 1,1,MS,RFA-5H23,2020-09-10,"15,0"
ciclo 1,1,MS,RFA-5H23,2020-09-11,"57,0"
ciclo 1,1,MS,RFA-5H23,2020-09-12,"47,0"
ciclo 1,1,MS,RFA-5H23,2020-09-13,"0,0"
ciclo 1,1,MS,RFA-5H23,2020-09-14,"72,0"
ciclo 1,1,MS,RFA-5H23,2020-09-15,"42,0"
ciclo 1,1,MS,RFA-5H23,2020-09-16,"108,0"
ciclo 1,1,MS,RFA-5H23,2020-09-17,"87,0"
ciclo 1,1,MS,RFA-5H23,2020-09-18,"47,0"
ciclo 1,1,MS,RFA-5H23,2020-09-19,"120,0"
ciclo 1,1,MS,RFA-5H23,2020-09-20,"82,0"
ciclo 1,1,MS,RFA-5H23,2020-09-21,"76,0"
ciclo 1,1,MS,RFA-5H23,2020-09-23,"0,0"
ciclo 1,1,MS,RFA-5H23,2020-09-25,"127,0"
ciclo 1,1,MT,RFA-5H23,2020-07-29,"213,0"
ciclo 1,1,MT,RFA-5H23,2020-07-30,"133,0"
ciclo 1,1,MT,RFA-5H23,2020-07-31,"80,0"
ciclo 1,1,MT,RFA-5H23,2020-08-01,"82,0"
ciclo 1,1,MT,RFA-5H23,2020-08-02,"122,0"
ciclo 1,1,MT,RFA-5H23,2020-09-30,"138,0"
ciclo 1,1,MT,RFA-5H23,2020-10-06,"123,0"
ciclo 1,1,MT,RFA-5H23,2020-10-07,"135,0"
ciclo 1,1,MT,RFA-5H23,2020-10-08,"146,0"
ciclo 1,1,MT,RFA-5H23,2020-10-09,"28,0"
ciclo 1,1,MT,RFA-5H23,2020-10-11,"28,0"
ciclo 1,1,MT,RFA-5H23,2020-10-12,"113,0"
ciclo 1,1,MT,RFA-5H23,2020-10-13,"226,0"
ciclo 1,1,MT,RFA-5H23,2020-10-14,"193,0"
ciclo 1,1,MT,RFA-5H23,2020-10-15,"75,0"
ciclo 1,1,MT,RFA-5H23,2020-10-16,"157,0"
ciclo 1,1,MT,RFA-5H23,2020-10-17,"210,0"
ciclo 1,1,MT,RFA-5H23,2020-10-18,"108,0"
ciclo 1,1,MT,RFA-5H23,2020-10-19,"82,0"
ciclo 1,1,MT,RFA-5H23,2020-10-20,"45,0"
ciclo 1,1,MT,RFA-5H23,2020-10-21,"1,0"
ciclo 1,1,MT,RFA-5H23,2020-10-22,"43,0"
ciclo 1,1,MT,RFA-5H23,2020-10-23,"90,0"
ciclo 1,1,MT,RFA-5H23,2020-10-24,"20,0"
ciclo 1,1,MT,RFA-5H23,2020-10-26,"98,0"
ciclo 1,1,MT,RFA-5H23,2020-10-31,"11,0"
ciclo 1,1,MT,RFA-5H23,2020-11-01,"50,0"
ciclo 1,1,MT,RFA-5H23,2020-11-04,"79,0"
ciclo 1,1,MT,RFA-5H23,2020-11-05,"139,0"
ciclo 1,1,MT,RFA-5H23,2020-11-06,"51,0"
ciclo 1,1,MT,RFA-5H23,2020-11-07,"24,0"
ciclo 1,1,MT,RFA-5H23,2020-11-08,"64,0"
ciclo 1,1,MT,RFA-5H23,2020-11-09,"59,0"
ciclo 1,1,MT,RFA-5H23,2020-11-10,"61,0"
ciclo 1,1,MT,RFA-5H23,2020-11-11,"72,0"
ciclo 1,1,PA,QXH-5198,2020-08-08,"109,0"
ciclo 1,1,PA,QXH-5198,2020-08-09,"177,0"
ciclo 1,1,PA,QXH-5198,2020-08-10,"252,0"
ciclo 1,1,PA,QXH-5198,2020-08-11,"197,0"
ciclo 1,1,PA,QXH-5198,2020-08-12,"213,0"
ciclo 1,1,PA,QXH-5198,2020-08-13,"135,0"
ciclo 1,1,PA,RFA-5H23,2020-08-07,"12,0"
ciclo 1,1,PA,RFA-5H23,2020-08-08,"58,0"
ciclo 1,1,PA,RFA-5H23,2020-11-11,"122,0"
ciclo 1,1,PA,RFA-5H23,2020-11-12,"147,0"
ciclo 1,1,PA,RFA-5H23,2020-11-13,"215,0"
ciclo 1,1,PA,RFA-5H23,2020-11-14,"144,0"
ciclo 1,1,PA,RFA-5H23,2020-11-15,"117,0"
ciclo 1,1,PA,RFA-5H23,2020-11-16,"6,0"
ciclo 1,1,PA,RFA-5H23,2020-11-17,"13,0"
ciclo 1,1,PA,RFA-5H23,2020-11-18,"10,0"
ciclo 1,1,PA,RFA-5H23,2020-11-20,"93,0"
ciclo 1,1,PA,RFA-5H23,2020-11-21,"71,0"
ciclo 1,1,PA,RFA-5H23,2020-11-23,"105,0"
ciclo 1,1,PA,RFA-5H23,2020-11-24,"43,0"
ciclo 1,1,PA,RFA-5H23,2020-11-26,"40,0"
ciclo 1,1,PA,RFA-5H23,2020-11-27,"110,0"
ciclo 1,1,PA,RFA-5H23,2020-11-28,"48,0"
ciclo 1,1,PA,RFA-5H23,2020-11-29,"31,0"
ciclo 1,1,PA,RFA-5H23,2020-11-30,"30,0"
ciclo 1,1,PA,RFA-5H23,2020-12-03,"62,0"
ciclo 1,1,PA,RFA-5H23,2020-12-04,"139,0"
ciclo 1,1,PA,RFA-5H23,2020-12-05,"28,0"
ciclo 1,1,RO,QXH-5198,2020-09-16,"57,0"
ciclo 1,1,RO,QXH-5198,2020-09-17,"131,0"
ciclo 1,1,RO,QXH-5198,2020-09-25,"51,0"
ciclo 1,1,RO,QXH-5198,2020-09-26,"298,0"
ciclo 1,1,RO,QXH-5198,2020-09-27,"75,0"
ciclo 1,1,RO,QXH-5198,2020-10-26,"197,0"
ciclo 1,1,RO,QXH-5198,2020-10-27,"186,0"
ciclo 1,1,RO,QXH-5198,2020-10-28,"159,0"
ciclo 1,1,RO,QXH-5198,2020-10-29,"1,0"
ciclo 1,1,RO,QXH-5198,2020-11-02,"119,0"
ciclo 1,1,RO,QXH-5198,2020-11-03,"92,0"
ciclo 1,1,RO,QXH-5198,2020-11-04,"253,0"
ciclo 1,1,RO,QXH-5198,2020-11-05,"202,0"
ciclo 1,1,RO,QXH-5198,2020-11-06,"68,0"
ciclo 1,1,RR,QXH-5198,2020-09-05,"100,0"
ciclo 1,1,RR,QXH-5198,2020-09-06,"144,0"
ciclo 1,1,RR,QXH-5198,2020-09-07,"145,0"
ciclo 1,1,RR,QXH-5198,2020-09-08,"169,0"
ciclo 1,1,RR,QXH-5198,2020-09-09,"170,0"
ciclo 1,1,RR,QXH-5198,2020-09-10,"162,0"
ciclo 1,1,RR,QXH-5198,2020-09-11,"130,0"
ciclo 1,1,RR,QXH-5198,2020-09-12,"141,0"
ciclo 1,1,TO,QXH-5198,2020-07-19,"37,0"
ciclo 1,1,TO,QXH-5198,2020-07-24,"73,0"
ciclo 1,1,TO,QXH-5198,2020-07-25,"152,0"
ciclo 1,1,TO,QXH-5198,2020-07-26,"256,0"
ciclo 1,1,TO,QXH-5198,2020-07-27,"14,0"
ciclo 1,1,TO,QXH-5198,2020-07-30,"12,0"
ciclo 1,1,TO,QXH-5198,2020-08-01,"144,0"
ciclo 1,1,TO,QXH-5198,2020-08-02,"55,0"
ciclo 1,1,TO,QXH-5198,2020-08-03,"172,0"
ciclo 1,1,TO,QXH-5198,2020-08-04,"143,0"
ciclo 1,1,TO,QXH-5198,2020-08-05,"131,0"
ciclo 1,1,TO,QXH-5198,2020-08-06,"189,0"
ciclo 1,1,TO,QXH-5198,2020-08-07,"181,0"
ciclo 1,2,AL,IZV-6C04,2020-12-17,"112,0"
ciclo 1,2,AL,IZV-6C04,2020-12-18,"111,0"
ciclo 1,2,AL,IZV-6C04,2020-12-19,"71,0"
ciclo 1,2,AL,IZV-6C04,2020-12-20,"154,0"
ciclo 1,2,AL,IZV-6C04,2020-12-21,"55,0"
ciclo 1,2,BA,IZV-6C04,2020-07-05,"119,0"
ciclo 1,2,BA,IZV-6C04,2020-07-06,"92,0"
ciclo 1,2,BA,IZV-6C04,2020-07-07,"81,0"
ciclo 1,2,BA,IZV-6C04,2020-07-08,"0,0"
ciclo 1,2,BA,IZV-6C04,2020-07-09,"100,0"
ciclo 1,2,BA,IZV-6C04,2020-07-10,"113,0"
ciclo 1,2,BA,IZV-6C04,2020-07-11,"105,0"
ciclo 1,2,BA,IZV-6C04,2020-07-12,"67,0"
ciclo 1,2,BA,IZV-6C04,2020-07-13,"187,0"
ciclo 1,2,BA,IZV-6C04,2020-07-14,"4,0"
ciclo 1,2,BA,IZV-6C04,2020-07-17,"89,0"
ciclo 1,2,BA,IZV-6C04,2020-07-18,"29,0"
ciclo 1,2,BA,IZV-6C04,2020-07-19,"51,0"
ciclo 1,2,BA,IZV-6C04,2020-07-20,"264,0"
ciclo 1,2,BA,IZV-6C04,2020-07-21,"211,0"
ciclo 1,2,BA,IZV-6C04,2020-07-22,"55,0"
ciclo 1,2,BA,IZV-6C04,2020-07-24,"181,0"
ciclo 1,2,BA,IZV-6C04,2020-07-25,"71,0"
ciclo 1,2,BA,IZV-6C04,2020-07-26,"0,0"
ciclo 1,2,BA,IZV-6C04,2020-07-27,"129,0"
ciclo 1,2,BA,IZV-6C04,2020-07-28,"14,0"
ciclo 1,2,BA,IZV-6C04,2020-07-29,"112,0"
ciclo 1,2,BA,IZV-6C04,2020-08-01,"81,0"
ciclo 1,2,BA,IZV-6C04,2020-08-02,"134,0"
ciclo 1,2,BA,IZV-6C04,2020-09-07,"0,0"
ciclo 1,2,BA,IZV-6C04,2020-09-08,"0,0"
ciclo 1,2,BA,IZV-6C04,2020-09-09,"39,0"
ciclo 1,2,BA,IZV-6C04,2020-09-10,"94,0"
ciclo 1,2,BA,IZV-6C04,2020-09-20,"147,0"
ciclo 1,2,BA,IZV-6C04,2020-09-22,"38,0"
ciclo 1,2,BA,IZV-6C04,2020-09-23,"39,0"
ciclo 1,2,BA,IZV-6C04,2020-09-24,"12,0"
ciclo 1,2,BA,IZV-6C04,2020-09-26,"118,0"
ciclo 1,2,BA,IZV-6C04,2020-09-27,"207,0"
ciclo 1,2,BA,IZV-6C04,2020-09-29,"95,0"
ciclo 1,2,BA,IZV-6C04,2020-09-30,"144,0"
ciclo 1,2,BA,IZV-6C04,2020-10-01,"272,0"
ciclo 1,2,BA,IZV-6C04,2020-10-02,"248,0"
ciclo 1,2,BA,IZV-6C04,2020-10-03,"140,0"
ciclo 1,2,BA,IZV-6C04,2020-10-05,"26,0"
ciclo 1,2,BA,IZV-6C04,2020-10-06,"68,0"
ciclo 1,2,BA,IZV-6C04,2020-10-08,"72,0"
ciclo 1,2,BA,IZV-6C04,2020-10-09,"1,0"
ciclo 1,2,BA,IZV-6C04,2020-10-10,"121,0"
ciclo 1,2,BA,IZV-6C04,2020-10-11,"0,0"
ciclo 1,2,BA,IZV-6C04,2020-10-12,"189,0"
ciclo 1,2,BA,IZV-6C04,2020-10-13,"68,0"
ciclo 1,2,BA,IZV-6C04,2020-10-14,"157,0"
ciclo 1,2,BA,IZV-6C04,2020-10-18,"166,0"
ciclo 1,2,BA,IZV-6C04,2020-10-19,"190,0"
ciclo 1,2,BA,IZV-6C04,2020-10-20,"27,0"
ciclo 1,2,BA,IZV-6C04,2020-10-21,"72,0"
ciclo 1,2,BA,IZV-6C04,2020-10-23,"87,0"
ciclo 1,2,BA,IZV-6C04,2020-10-24,"197,0"
ciclo 1,2,BA,IZV-6C04,2020-10-25,"61,0"
ciclo 1,2,CE,IYB-0025,2020-09-03,"20,0"
ciclo 1,2,CE,IYB-0025,2020-09-06,"40,0"
ciclo 1,2,CE,IYB-0025,2020-09-07,"109,0"
ciclo 1,2,CE,IYB-0025,2020-09-08,"35,0"
ciclo 1,2,CE,IYB-0025,2020-09-09,"73,0"
ciclo 1,2,CE,IYB-0025,2020-09-10,"26,0"
ciclo 1,2,CE,IYB-0025,2020-09-11,"16,0"
ciclo 1,2,CE,IYB-0025,2020-09-12,"63,0"
ciclo 1,2,CE,IYB-0025,2020-09-13,"67,0"
ciclo 1,2,CE,IYB-0025,2020-09-14,"36,0"
ciclo 1,2,CE,IYB-0025,2020-09-25,"46,0"
ciclo 1,2,CE,IYB-0025,2020-09-26,"0,0"
ciclo 1,2,CE,IYB-0025,2020-11-10,"38,0"
ciclo 1,2,CE,IYB-0025,2020-11-12,"54,0"
ciclo 1,2,CE,IYB-0025,2020-11-13,"59,0"
ciclo 1,2,CE,IYB-0025,2020-11-14,"51,0"
ciclo 1,2,CE,IYB-0025,2020-11-15,"75,0"
ciclo 1,2,CE,IYB-0025,2021-01-08,"57,0"
ciclo 1,2,MA,IYB-0025,2020-10-20,"72,0"
ciclo 1,2,MA,IYB-0025,2020-10-22,"130,0"
ciclo 1,2,MA,IYB-0025,2020-10-23,"18,0"
ciclo 1,2,MA,IYB-0025,2020-10-24,"64,0"
ciclo 1,2,MA,IYB-0025,2020-10-25,"33,0"
ciclo 1,2,MA,IYB-0025,2020-10-27,"7,0"
ciclo 1,2,MA,IYB-0025,2020-10-28,"95,0"
ciclo 1,2,MA,IYB-0025,2020-10-29,"33,0"
ciclo 1,2,MA,IYB-0025,2020-10-30,"13,0"
ciclo 1,2,MA,IYB-0025,2020-10-31,"17,0"
ciclo 1,2,MA,IYB-0025,2020-11-01,"50,0"
ciclo 1,2,MA,IYB-0025,2020-11-02,"26,0"
ciclo 1,2,MA,IYB-0025,2020-11-03,"49,0"
ciclo 1,2,MA,IYB-0025,2020-11-04,"97,0"
ciclo 1,2,MA,IYB-0025,2020-11-05,"67,0"
ciclo 1,2,MA,IYB-0025,2020-11-06,"59,0"
ciclo 1,2,MA,IYB-0025,2020-11-07,"155,0"
ciclo 1,2,MA,IYB-0025,2021-01-18,"10,0"
ciclo 1,2,PB,IZV-6C04,2020-12-09,"29,0"
ciclo 1,2,PB,IZV-6C04,2020-12-10,"73,0"
ciclo 1,2,PB,IZV-6C04,2020-12-11,"92,0"
ciclo 1,2,PB,IZV-6C04,2020-12-12,"150,0"
ciclo 1,2,PB,IZV-6C04,2020-12-13,"69,0"
ciclo 1,2,PB,IZV-6C04,2020-12-14,"9,0"
ciclo 1,2,PB,IZV-6C04,2020-12-15,"50,0"
ciclo 1,2,PB,IZV-6C04,2020-12-16,"173,0"
ciclo 1,2,PB,IZV-6C04,2020-12-17,"20,0"
ciclo 1,2,PB,IZV-6C04,2020-12-18,"15,0"
ciclo 1,2,PB,IZV-6C04,2021-01-09,"13,0"
ciclo 1,2,PE,IZV-6C04,2020-11-21,"61,0"
ciclo 1,2,PE,IZV-6C04,2020-11-22,"54,0"
ciclo 1,2,PE,IZV-6C04,2020-11-23,"39,0"
ciclo 1,2,PE,IZV-6C04,2020-11-24,"105,0"
ciclo 1,2,PE,IZV-6C04,2020-11-25,"62,0"
ciclo 1,2,PE,IZV-6C04,2020-11-26,"63,0"
ciclo 1,2,PE,IZV-6C04,2020-11-27,"110,0"
ciclo 1,2,PE,IZV-6C04,2020-11-28,"102,0"
ciclo 1,2,PE,IZV-6C04,2020-11-29,"109,0"
ciclo 1,2,PE,IZV-6C04,2020-11-30,"0,0"
ciclo 1,2,PE,IZV-6C04,2020-12-01,"106,0"
ciclo 1,2,PE,IZV-6C04,2020-12-02,"5,0"
ciclo 1,2,PE,IZV-6C04,2020-12-04,"8,0"
ciclo 1,2,PE,IZV-6C04,2020-12-05,"142,0"
ciclo 1,2,PE,IZV-6C04,2020-12-06,"62,0"
ciclo 1,2,PE,IZV-6C04,2020-12-07,"110,0"
ciclo 1,2,PE,IZV-6C04,2020-12-08,"48,0"
ciclo 1,2,PI,IYB-0025,2020-09-26,"7,0"
ciclo 1,2,PI,IYB-0025,2020-09-27,"27,0"
ciclo 1,2,PI,IYB-0025,2020-09-28,"8,0"
ciclo 1,2,PI,IYB-0025,2020-09-29,"24,0"
ciclo 1,2,PI,IYB-0025,2020-09-30,"75,0"
ciclo 1,2,PI,IYB-0025,2020-10-01,"65,0"
ciclo 1,2,PI,IYB-0025,2020-10-02,"76,0"
ciclo 1,2,PI,IYB-0025,2020-10-03,"57,0"
ciclo 1,2,PI,IYB-0025,2020-10-04,"64,0"
ciclo 1,2,PI,IYB-0025,2020-10-05,"39,0"
ciclo 1,2,PI,IYB-0025,2020-10-07,"133,0"
ciclo 1,2,PI,IYB-0025,2020-10-08,"72,0"
ciclo 1,2,PI,IYB-0025,2020-10-09,"81,0"
ciclo 1,2,PI,IYB-0025,2020-10-10,"26,0"
ciclo 1,2,PI,IYB-0025,2020-10-11,"31,0"
ciclo 1,2,PI,IYB-0025,2020-11-11,"1,0"
ciclo 1,2,PI,IYB-0025,2021-01-15,"0,0"
ciclo 1,2,PI,IYB-0025,2021-01-16,"55,0"
ciclo 1,2,RN,IYB-0025,2020-08-16,"176,0"
ciclo 1,2,RN,IYB-0025,2020-08-17,"139,0"
ciclo 1,2,RN,IYB-0025,2020-08-25,"76,0"
ciclo 1,2,RN,IYB-0025,2020-08-26,"29,0"
ciclo 1,2,RN,IYB-0025,2020-08-27,"78,0"
ciclo 1,2,RN,IYB-0025,2020-08-28,"73,0"
ciclo 1,2,RN,IYB-0025,2020-08-29,"8,0"
ciclo 1,2,RN,IYB-0025,2020-08-30,"87,0"
ciclo 1,2,RN,IYB-0025,2020-08-31,"9,0"
ciclo 1,2,RN,IYB-0025,2020-09-01,"88,0"
ciclo 1,2,RN,IYB-0025,2020-09-02,"19,0"
ciclo 1,2,RN,IYB-0025,2021-01-07,"3,0"
ciclo 1,2,SE,IZV-6C04,2020-12-13,"2,0"
ciclo 1,2,SE,IZV-6C04,2020-12-14,"120,0"
ciclo 1,2,SE,IZV-6C04,2020-12-15,"60,0"
ciclo 1,2,SE,IZV-6C04,2020-12-16,"51,0"
ciclo 1,2,SE,IZV-6C04,2021-01-11,"39,0"
ciclo 1,3,ES,CEU-8E93,2021-02-25,"55,0"
ciclo 1,3,ES,CEU-8E93,2021-02-26,"85,0"
ciclo 1,3,ES,CEU-8E93,2021-02-27,"28,0"
ciclo 1,3,ES,CEU-8E93,2021-02-28,"63,0"
ciclo 1,3,ES,CEU-8E93,2021-03-03,"18,0"
ciclo 1,3,ES,CEU-8E93,2021-03-04,"31,0"
ciclo 1,3,ES,CEU-8E93,2021-03-06,"102,0"
ciclo 1,3,ES,CEU-8E93,2021-04-20,"18,0"
ciclo 1,3,ES,CEU-8E93,2021-04-21,"131,0"
ciclo 1,3,ES,CEU-8E93,2021-04-22,"26,0"
ciclo 1,3,MG,CEU-8E93,2020-09-06,"89,0"
ciclo 1,3,MG,CEU-8E93,2020-09-07,"60,0"
ciclo 1,3,MG,CEU-8E93,2020-09-08,"224,0"
ciclo 1,3,MG,CEU-8E93,2020-09-09,"51,0"
ciclo 1,3,MG,CEU-8E93,2020-09-10,"18,0"
ciclo 1,3,MG,CEU-8E93,2020-09-12,"96,0"
ciclo 1,3,MG,CEU-8E93,2020-09-13,"63,0"
ciclo 1,3,MG,CEU-8E93,2020-09-20,"194,0"
ciclo 1,3,MG,CEU-8E93,2020-09-21,"104,0"
ciclo 1,3,MG,CEU-8E93,2020-09-22,"102,0"
ciclo 1,3,MG,CEU-8E93,2020-09-23,"68,0"
ciclo 1,3,MG,CEU-8E93,2020-09-24,"47,0"
ciclo 1,3,MG,CEU-8E93,2020-09-25,"80,0"
ciclo 1,3,MG,CEU-8E93,2020-09-26,"37,0"
ciclo 1,3,MG,CEU-8E93,2020-09-27,"89,0"
ciclo 1,3,MG,CEU-8E93,2020-09-30,"185,0"
ciclo 1,3,MG,CEU-8E93,2020-10-01,"179,0"
ciclo 1,3,MG,CEU-8E93,2020-10-03,"124,0"
ciclo 1,3,MG,CEU-8E93,2020-10-27,"66,0"
ciclo 1,3,MG,CEU-8E93,2020-10-28,"20,0"
ciclo 1,3,MG,CEU-8E93,2020-10-29,"53,0"
ciclo 1,3,MG,CEU-8E93,2020-10-30,"45,0"
ciclo 1,3,MG,CEU-8E93,2020-10-31,"14,0"
ciclo 1,3,MG,CEU-8E93,2020-11-01,"147,0"
ciclo 1,3,MG,CEU-8E93,2020-11-02,"119,0"
ciclo 1,3,MG,CEU-8E93,2020-11-03,"27,0"
ciclo 1,3,MG,CEU-8E93,2020-11-10,"9,0"
ciclo 1,3,MG,CEU-8E93,2020-11-11,"58,0"
ciclo 1,3,MG,CEU-8E93,2020-11-12,"42,0"
ciclo 1,3,MG,CEU-8E93,2020-11-13,"53,0"
ciclo 1,3,MG,CEU-8E93,2020-11-14,"36,0"
ciclo 1,3,MG,CEU-8E93,2020-11-15,"28,0"
ciclo 1,3,MG,CEU-8E93,2020-11-16,"82,0"
ciclo 1,3,MG,CEU-8E93,2020-11-17,"131,0"
ciclo 1,3,MG,CEU-8E93,2020-11-18,"53,0"
ciclo 1,3,MG,CEU-8E93,2020-11-19,"61,0"
ciclo 1,3,MG,CEU-8E93,2020-11-20,"98,0"
ciclo 1,3,MG,CEU-8E93,2020-11-21,"29,0"
ciclo 1,3,MG,CEU-8E93,2021-02-24,"95,0"
ciclo 1,3,MG,CEU-8E93,2021-02-25,"87,0"
ciclo 1,3,MG,CEU-8E93,2021-03-01,"37,0"
ciclo 1,3,MG,CEU-8E93,2021-03-02,"68,0"
ciclo 1,3,MG,CEU-8E93,2021-03-03,"232,0"
ciclo 1,3,MG,CEU-8E93,2021-03-04,"213,0"
ciclo 1,3,MG,CEU-8E93,2021-03-05,"319,0"
ciclo 1,3,MG,CEU-8E93,2021-03-06,"100,0"
ciclo 1,3,MG,CEU-8E93,2021-03-07,"54,0"
ciclo 1,3,MG,CEU-8E93,2021-03-08,"118,0"
ciclo 1,3,MG,CEU-8E93,2021-03-09,"108,0"
ciclo 1,3,MG,CEU-8E93,2021-03-10,"180,0"
ciclo 1,3,MG,CEU-8E93,2021-03-14,"34,0"
ciclo 1,3,MG,CEU-8E93,2021-03-22,"0,0"
ciclo 1,3,MG,CEU-8E93,2021-04-16,"106,0"
ciclo 1,3,MG,CEU-8E93,2021-04-17,"122,0"
ciclo 1,3,MG,CEU-8E93,2021-04-18,"120,0"
ciclo 1,3,MG,CEU-8E93,2021-04-19,"54,0"
ciclo 1,3,MG,CEU-8E93,2021-06-20,"22,0"
ciclo 1,3,MG,CEU-8E93,2021-06-21,"52,0"
ciclo 1,3,MG,CEU-8E93,2021-06-22,"78,0"
ciclo 1,3,MG,CEU-8E93,2021-06-23,"116,0"
ciclo 1,3,MG,CEU-8E93,2021-06-24,"191,0"
ciclo 1,3,PR,ASE-4733,2020-07-13,"31,0"
ciclo 1,3,PR,ASE-4733,2020-07-14,"24,0"
ciclo 1,3,PR,ASE-4733,2020-07-15,"47,0"
ciclo 1,3,PR,ASE-4733,2020-07-16,"78,0"
ciclo 1,3,PR,ASE-4733,2020-07-18,"34,0"
ciclo 1,3,PR,ASE-4733,2020-07-22,"1,0"
ciclo 1,3,PR,ASE-4733,2020-07-23,"0,0"
ciclo 1,3,PR,ASE-4733,2020-07-25,"62,0"
ciclo 1,3,PR,ASE-4733,2020-07-31,"49,0"
ciclo 1,3,PR,ASE-4733,2020-08-01,"70,0"
ciclo 1,3,PR,ASE-4733,2020-11-05,"12,0"
ciclo 1,3,PR,CEU-8E93,2020-07-17,"190,0"
ciclo 1,3,PR,CEU-8E93,2020-07-19,"143,0"
ciclo 1,3,PR,CEU-8E93,2020-07-20,"9,0"
ciclo 1,3,PR,CEU-8E93,2020-07-21,"197,0"
ciclo 1,3,PR,CEU-8E93,2020-07-22,"103,0"
ciclo 1,3,PR,CEU-8E93,2020-07-23,"72,0"
ciclo 1,3,PR,CEU-8E93,2020-07-24,"159,0"
ciclo 1,3,PR,CEU-8E93,2020-07-29,"36,0"
ciclo 1,3,PR,CEU-8E93,2020-07-30,"63,0"
ciclo 1,3,PR,CEU-8E93,2020-07-31,"49,0"
ciclo 1,3,PR,CEU-8E93,2020-08-03,"103,0"
ciclo 1,3,PR,CEU-8E93,2020-08-04,"6,0"
ciclo 1,3,PR,CEU-8E93,2020-11-01,"167,0"
ciclo 1,3,RJ,CEU-8E93,2021-04-06,"45,0"
ciclo 1,3,RJ,CEU-8E93,2021-04-07,"70,0"
ciclo 1,3,RJ,CEU-8E93,2021-04-08,"97,0"
ciclo 1,3,RJ,CEU-8E93,2021-04-09,"24,0"
ciclo 1,3,RJ,CEU-8E93,2021-04-10,"31,0"
ciclo 1,3,RJ,CEU-8E93,2021-04-11,"166,0"
ciclo 1,3,RJ,CEU-8E93,2021-04-13,"5,0"
ciclo 1,3,RJ,CEU-8E93,2021-04-14,"156,0"
ciclo 1,3,RJ,CEU-8E93,2021-04-15,"47,0"
ciclo 1,3,RJ,CEU-8E93,2021-04-16,"68,0"
ciclo 1,3,RJ,CEU-8E93,2021-07-29,"17,0"
ciclo 1,3,RS,ASE-4733,2020-08-04,"73,0"
ciclo 1,3,RS,ASE-4733,2020-08-19,"149,0"
ciclo 1,3,RS,ASE-4733,2020-08-20,"113,0"
ciclo 1,3,RS,ASE-4733,2020-08-21,"97,0"
ciclo 1,3,RS,ASE-4733,2020-08-22,"43,0"
ciclo 1,3,RS,ASE-4733,2020-08-23,"99,0"
ciclo 1,3,RS,ASE-4733,2020-08-24,"34,0"
ciclo 1,3,RS,ASE-4733,2020-08-25,"32,0"
ciclo 1,3,RS,ASE-4733,2020-08-26,"164,0"
ciclo 1,3,RS,ASE-4733,2020-08-27,"169,0"
ciclo 1,3,RS,ASE-4733,2020-08-28,"92,0"
ciclo 1,3,RS,ASE-4733,2020-08-29,"36,0"
ciclo 1,3,RS,ASE-4733,2020-08-31,"251,0"
ciclo 1,3,RS,ASE-4733,2020-09-01,"175,0"
ciclo 1,3,RS,ASE-4733,2020-09-02,"2,0"
ciclo 1,3,RS,ASE-4733,2020-09-04,"72,0"
ciclo 1,3,RS,ASE-4733,2020-09-05,"91,0"
ciclo 1,3,RS,ASE-4733,2020-09-07,"220,0"
ciclo 1,3,RS,ASE-4733,2020-09-08,"117,0"
ciclo 1,3,RS,ASE-4733,2020-09-09,"181,0"
ciclo 1,3,RS,ASE-4733,2020-09-10,"55,0"
ciclo 1,3,RS,ASE-4733,2020-09-11,"0,0"
ciclo 1,3,RS,ASE-4733,2020-09-14,"221,0"
ciclo 1,3,RS,ASE-4733,2020-09-15,"4,0"
ciclo 1,3,RS,ASE-4733,2020-09-16,"33,0"
ciclo 1,3,RS,ASE-4733,2020-09-17,"187,0"
ciclo 1,3,RS,ASE-4733,2020-09-18,"87,0"
ciclo 1,3,RS,ASE-4733,2020-09-19,"13,0"
ciclo 1,3,RS,ASE-4733,2020-09-21,"1,0"
ciclo 1,3,RS,ASE-4733,2020-09-22,"68,0"
ciclo 1,3,RS,ASE-4733,2020-09-23,"44,0"
ciclo 1,3,RS,ASE-4733,2020-09-24,"100,0"
ciclo 1,3,RS,ASE-4733,2020-09-25,"114,0"
ciclo 1,3,RS,ASE-4733,2020-09-26,"75,0"
ciclo 1,3,RS,ASE-4733,2020-09-28,"122,0"
ciclo 1,3,RS,ASE-4733,2020-09-29,"205,0"
ciclo 1,3,RS,ASE-4733,2020-09-30,"132,0"
ciclo 1,3,RS,ASE-4733,2020-10-05,"123,0"
ciclo 1,3,RS,ASE-4733,2020-10-06,"143,0"
ciclo 1,3,RS,ASE-4733,2020-10-07,"19,0"
ciclo 1,3,RS,ASE-4733,2020-10-08,"220,0"
ciclo 1,3,RS,ASE-4733,2020-10-09,"155,0"
ciclo 1,3,RS,ASE-4733,2020-10-10,"74,0"
ciclo 1,3,RS,ASE-4733,2020-10-11,"158,0"
ciclo 1,3,RS,ASE-4733,2020-10-12,"28,0"
ciclo 1,3,RS,ASE-4733,2020-10-16,"74,0"
ciclo 1,3,RS,ASE-4733,2020-10-29,"50,0"
ciclo 1,3,RS,ASE-4733,2020-10-30,"14,0"
ciclo 1,3,SC,ASE-4733,2020-07-24,"3,0"
ciclo 1,3,SC,ASE-4733,2020-08-03,"10,0"
ciclo 1,3,SC,ASE-4733,2020-08-04,"65,0"
ciclo 1,3,SC,ASE-4733,2020-08-06,"0,0"
ciclo 1,3,SC,ASE-4733,2020-08-07,"39,0"
ciclo 1,3,SC,ASE-4733,2020-08-13,"92,0"
ciclo 1,3,SC,ASE-4733,2020-08-15,"68,0"
ciclo 1,3,SC,ASE-4733,2020-08-16,"42,0"
ciclo 1,3,SC,ASE-4733,2020-08-17,"87,0"
ciclo 1,3,SC,ASE-4733,2020-08-18,"48,0"
ciclo 1,3,SC,ASE-4733,2020-10-17,"37,0"
ciclo 1,3,SC,ASE-4733,2020-10-19,"221,0"
ciclo 1,3,SC,ASE-4733,2020-10-20,"59,0"
ciclo 1,3,SC,ASE-4733,2020-10-21,"40,0"
ciclo 1,3,SC,ASE-4733,2020-10-22,"10,0"
ciclo 1,3,SC,ASE-4733,2020-10-23,"12,0"
ciclo 1,3,SC,ASE-4733,2020-10-25,"87,0"
ciclo 1,3,SC,ASE-4733,2020-10-26,"161,0"
ciclo 1,3,SC,ASE-4733,2020-10-27,"196,0"
ciclo 1,3,SC,ASE-4733,2020-10-28,"57,0"
ciclo 1,3,SC,ASE-4733,2020-11-03,"253,0"
ciclo 1,3,SC,ASE-4733,2020-11-04,"48,0"
ciclo 1,3,SP,CEU-8E93,2020-11-06,"3,0"
ciclo 1,3,SP,CEU-8E93,2020-11-07,"6,0"
ciclo 1,3,SP,CEU-8E93,2021-03-26,"20,0"
ciclo 1,3,SP,CEU-8E93,2021-03-27,"27,0"
ciclo 1,3,SP,CEU-8E93,2021-04-04,"52,0"
ciclo 1,3,SP,CEU-8E93,2021-06-25,"63,0"
ciclo 2,1,AC,RFA-5H23,2021-09-06,"70,0"
ciclo 2,1,AC,RFA-5H23,2021-09-07,"234,0"
ciclo 2,1,AC,RFA-5H23,2021-09-08,"109,0"
ciclo 2,1,AC,RFA-5H23,2021-09-10,"31,0"
ciclo 2,1,AC,RFA-5H23,2021-09-11,"267,0"
ciclo 2,1,AC,RFA-5H23,2021-09-12,"189,0"
ciclo 2,1,AC,RFA-5H23,2021-09-13,"184,0"
ciclo 2,1,AC,RFA-5H23,2021-09-14,"112,0"
ciclo 2,1,AM,RFA-5H23,2021-08-20,"184,0"
ciclo 2,1,AM,RFA-5H23,2021-08-21,"139,0"
ciclo 2,1,AM,RFA-5H23,2021-08-22,"118,0"
ciclo 2,1,AM,RFA-5H23,2021-09-02,"45,0"
ciclo 2,1,AM,RFA-5H23,2021-09-03,"92,0"
ciclo 2,1,AM,RFA-5H23,2021-09-04,"48,0"
ciclo 2,1,AM,RFA-5H23,2021-09-06,"63,0"
ciclo 2,1,AP,RFA-5H23,2021-08-01,"262,0"
ciclo 2,1,AP,RFA-5H23,2021-08-02,"157,0"
ciclo 2,1,AP,RFA-5H23,2021-08-03,"51,0"
ciclo 2,1,DF,QXH-5198,2021-07-11,"62,0"
ciclo 2,1,DF,QXH-5198,2021-07-15,"34,0"
ciclo 2,1,DF,QXH-5198,2021-07-16,"20,0"
ciclo 2,1,DF,QXH-5198,2021-07-17,"29,0"
ciclo 2,1,DF,RFA-5H23,2021-07-06,"9,0"
ciclo 2,1,DF,RFA-5H23,2021-07-07,"29,0"
ciclo 2,1,DF,RFA-5H23,2021-11-27,"3,0"
ciclo 2,1,GO,QXH-5198,2021-07-11,"28,0"
ciclo 2,1,GO,QXH-5198,2021-07-12,"126,0"
ciclo 2,1,GO,QXH-5198,2021-07-13,"112,0"
ciclo 2,1,GO,QXH-5198,2021-07-15,"60,0"
ciclo 2,1,GO,QXH-5198,2021-07-16,"28,0"
ciclo 2,1,GO,QXH-5198,2021-07-17,"69,0"
ciclo 2,1,GO,QXH-5198,2021-07-18,"49,0"
ciclo 2,1,GO,QXH-5198,2021-07-19,"186,0"
ciclo 2,1,GO,QXH-5198,2021-07-24,"61,0"
ciclo 2,1,GO,QXH-5198,2021-07-25,"22,0"
ciclo 2,1,GO,QXH-5198,2021-07-27,"57,0"
ciclo 2,1,GO,QXH-5198,2021-07-28,"249,0"
ciclo 2,1,GO,QXH-5198,2021-07-29,"112,0"
ciclo 2,1,GO,QXH-5198,2021-07-30,"222,0"
ciclo 2,1,GO,QXH-5198,2021-07-31,"180,0"
ciclo 2,1,GO,QXH-5198,2021-08-01,"65,0"
ciclo 2,1,GO,QXH-5198,2021-08-02,"183,0"
ciclo 2,1,GO,QXH-5198,2021-08-03,"79,0"
ciclo 2,1,GO,QXH-5198,2021-09-13,"3,0"
ciclo 2,1,GO,QXH-5198,2021-09-14,"156,0"
ciclo 2,1,GO,QXH-5198,2021-09-15,"104,0"
ciclo 2,1,GO,RFA-5H23,2021-07-08,"44,0"
ciclo 2,1,MS,QXH-5198,2021-07-25,"23,0"
ciclo 2,1,MS,QXH-5198,2021-07-26,"181,0"
ciclo 2,1,MS,QXH-5198,2021-08-09,"89,0"
ciclo 2,1,MS,QXH-5198,2021-08-10,"108,0"
ciclo 2,1,MS,QXH-5198,2021-08-11,"113,0"
ciclo 2,1,MS,QXH-5198,2021-08-12,"72,0"
ciclo 2,1,MS,QXH-5198,2021-08-13,"96,0"
ciclo 2,1,MS,QXH-5198,2021-08-14,"52,0"
ciclo 2,1,MS,QXH-5198,2021-08-15,"89,0"
ciclo 2,1,MS,QXH-5198,2021-08-16,"184,0"
ciclo 2,1,MS,QXH-5198,2021-08-17,"55,0"
ciclo 2,1,MS,QXH-5198,2021-08-18,"119,0"
ciclo 2,1,MS,QXH-5198,2021-08-19,"116,0"
ciclo 2,1,MS,QXH-5198,2021-08-20,"152,0"
ciclo 2,1,MS,QXH-5198,2021-08-21,"31,0"
ciclo 2,1,MS,QXH-5198,2021-08-22,"6,0"
ciclo 2,1,MS,QXH-5198,2021-08-23,"84,0"
ciclo 2,1,MS,QXH-5198,2021-08-24,"143,0"
ciclo 2,1,MS,QXH-5198,2021-08-25,"156,0"
ciclo 2,1,MS,QXH-5198,2021-08-28,"68,0"
ciclo 2,1,MS,QXH-5198,2021-08-29,"59,0"
ciclo 2,1,MS,QXH-5198,2021-08-30,"155,0"
ciclo 2,1,MS,QXH-5198,2021-08-31,"58,0"
ciclo 2,1,MS,QXH-5198,2021-09-01,"73,0"
ciclo 2,1,MS,QXH-5198,2021-09-02,"0,0"
ciclo 2,1,MS,QXH-5198,2021-09-03,"104,0"
ciclo 2,1,MS,QXH-5198,2021-09-08,"115,0"
ciclo 2,1,MS,QXH-5198,2021-09-09,"82,0"
ciclo 2,1,MS,QXH-5198,2021-09-10,"160,0"
ciclo 2,1,MS,QXH-5198,2021-09-11,"126,0"
ciclo 2,1,MS,QXH-5198,2021-09-12,"126,0"
ciclo 2,1,MS,QXH-5198,2021-09-13,"57,0"
ciclo 2,1,MT,QXH-5198,2021-07-20,"213,0"
ciclo 2,1,MT,QXH-5198,2021-07-21,"181,0"
ciclo 2,1,MT,QXH-5198,2021-07-22,"43,0"
ciclo 2,1,MT,QXH-5198,2021-07-23,"179,0"
ciclo 2,1,MT,QXH-5198,2021-07-24,"25,0"
ciclo 2,1,MT,QXH-5198,2021-09-15,"97,0"
ciclo 2,1,MT,QXH-5198,2021-09-16,"157,0"
ciclo 2,1,MT,QXH-5198,2021-09-17,"129,0"
ciclo 2,1,MT,QXH-5198,2021-09-18,"111,0"
ciclo 2,1,MT,QXH-5198,2021-09-19,"156,0"
ciclo 2,1,MT,QXH-5198,2021-09-20,"38,0"
ciclo 2,1,MT,QXH-5198,2021-10-24,"52,0"
ciclo 2,1,MT,QXH-5198,2021-10-25,"121,0"
ciclo 2,1,MT,QXH-5198,2021-10-26,"89,0"
ciclo 2,1,MT,QXH-5198,2021-10-27,"113,0"
ciclo 2,1,MT,QXH-5198,2021-10-31,"33,0"
ciclo 2,1,MT,QXH-5198,2021-11-01,"125,0"
ciclo 2,1,MT,QXH-5198,2021-11-02,"179,0"
ciclo 2,1,MT,QXH-5198,2021-11-03,"260,0"
ciclo 2,1,MT,QXH-5198,2021-11-04,"122,0"
ciclo 2,1,MT,QXH-5198,2021-11-05,"270,0"
ciclo 2,1,MT,QXH-5198,2021-11-07,"279,0"
ciclo 2,1,MT,QXH-5198,2021-11-08,"103,0"
ciclo 2,1,MT,QXH-5198,2021-11-09,"189,0"
ciclo 2,1,MT,QXH-5198,2021-11-10,"66,0"
ciclo 2,1,PA,QXH-5198,2021-09-22,"110,0"
ciclo 2,1,PA,QXH-5198,2021-09-23,"183,0"
ciclo 2,1,PA,QXH-5198,2021-09-27,"251,0"
ciclo 2,1,PA,QXH-5198,2021-10-03,"145,0"
ciclo 2,1,PA,QXH-5198,2021-10-05,"11,0"
ciclo 2,1,PA,QXH-5198,2021-10-06,"69,0"
ciclo 2,1,PA,QXH-5198,2021-10-07,"162,0"
ciclo 2,1,PA,QXH-5198,2021-10-08,"9,0"
ciclo 2,1,PA,QXH-5198,2021-10-09,"58,0"
ciclo 2,1,PA,QXH-5198,2021-10-11,"81,0"
ciclo 2,1,PA,QXH-5198,2021-10-13,"23,0"
ciclo 2,1,PA,QXH-5198,2021-10-15,"142,0"
ciclo 2,1,PA,QXH-5198,2021-10-16,"31,0"
ciclo 2,1,PA,QXH-5198,2021-10-17,"30,0"
ciclo 2,1,PA,QXH-5198,2021-10-20,"51,0"
ciclo 2,1,PA,QXH-5198,2021-10-21,"16,0"
ciclo 2,1,PA,QXH-5198,2021-10-22,"32,0"
ciclo 2,1,PA,QXH-5198,2021-10-23,"149,0"
ciclo 2,1,PA,QXH-5198,2021-10-24,"46,0"
ciclo 2,1,PA,RFA-5H23,2021-07-21,"182,0"
ciclo 2,1,PA,RFA-5H23,2021-07-22,"134,0"
ciclo 2,1,PA,RFA-5H23,2021-07-23,"213,0"
ciclo 2,1,PA,RFA-5H23,2021-07-24,"272,0"
ciclo 2,1,PA,RFA-5H23,2021-07-25,"135,0"
ciclo 2,1,PA,RFA-5H23,2021-07-26,"174,0"
ciclo 2,1,PA,RFA-5H23,2021-07-27,"48,0"
ciclo 2,1,PA,RFA-5H23,2021-10-09,"1,0"
ciclo 2,1,PA,RFA-5H23,2022-02-15,"11,0"
ciclo 2,1,RO,RFA-5H23,2021-09-03,"37,0"
ciclo 2,1,RO,RFA-5H23,2021-09-04,"31,0"
ciclo 2,1,RO,RFA-5H23,2021-09-05,"131,0"
ciclo 2,1,RO,RFA-5H23,2021-09-14,"119,0"
ciclo 2,1,RO,RFA-5H23,2021-09-15,"158,0"
ciclo 2,1,RO,RFA-5H23,2021-09-16,"154,0"
ciclo 2,1,RO,RFA-5H23,2021-09-17,"234,0"
ciclo 2,1,RO,RFA-5H23,2021-09-18,"86,0"
ciclo 2,1,RO,RFA-5H23,2021-09-19,"243,0"
ciclo 2,1,RO,RFA-5H23,2021-09-20,"184,0"
ciclo 2,1,RO,RFA-5H23,2021-09-21,"278,0"
ciclo 2,1,RO,RFA-5H23,2021-09-22,"162,0"
ciclo 2,1,RO,RFA-5H23,2021-09-23,"78,0"
ciclo 2,1,RR,RFA-5H23,2021-08-22,"89,0"
ciclo 2,1,RR,RFA-5H23,2021-08-23,"156,0"
ciclo 2,1,RR,RFA-5H23,2021-08-24,"147,0"
ciclo 2,1,RR,RFA-5H23,2021-08-25,"221,0"
ciclo 2,1,RR,RFA-5H23,2021-08-26,"139,0"
ciclo 2,1,RR,RFA-5H23,2021-08-27,"109,0"
ciclo 2,1,RR,RFA-5H23,2021-08-28,"137,0"
ciclo 2,1,RR,RFA-5H23,2021-08-29,"171,0"
ciclo 2,1,TO,RFA-5H23,2021-07-09,"165,0"
ciclo 2,1,TO,RFA-5H23,2021-07-10,"254,0"
ciclo 2,1,TO,RFA-5H23,2021-07-11,"39,0"
ciclo 2,1,TO,RFA-5H23,2021-07-12,"142,0"
ciclo 2,1,TO,RFA-5H23,2021-07-13,"145,0"
ciclo 2,1,TO,RFA-5H23,2021-07-14,"77,0"
ciclo 2,1,TO,RFA-5H23,2021-07-15,"55,0"
ciclo 2,1,TO,RFA-5H23,2021-07-16,"158,0"
ciclo 2,1,TO,RFA-5H23,2021-07-17,"129,0"
ciclo 2,1,TO,RFA-5H23,2021-07-18,"135,0"
ciclo 2,1,TO,RFA-5H23,2021-07-19,"178,0"
ciclo 2,1,TO,RFA-5H23,2021-07-20,"181,0"
ciclo 2,2,AL,IZV-6C04,2021-10-19,"95,0"
ciclo 2,2,AL,IZV-6C04,2021-10-20,"98,0"
ciclo 2,2,AL,IZV-6C04,2021-10-21,"194,0"
ciclo 2,2,AL,IZV-6C04,2021-10-22,"18,0"
ciclo 2,2,AL,IZV-6C04,2021-11-20,"237,0"
ciclo 2,2,AL,IZV-6C04,2021-11-21,"166,0"
ciclo 2,2,AL,IZV-6C04,2021-11-22,"118,0"
ciclo 2,2,BA,IZV-6C04,2021-07-14,"79,0"
ciclo 2,2,BA,IZV-6C04,2021-07-15,"64,0"
ciclo 2,2,BA,IZV-6C04,2021-07-16,"113,0"
ciclo 2,2,BA,IZV-6C04,2021-07-17,"52,0"
ciclo 2,2,BA,IZV-6C04,2021-07-19,"105,0"
ciclo 2,2,BA,IZV-6C04,2021-07-20,"117,0"
ciclo 2,2,BA,IZV-6C04,2021-07-22,"5,0"
ciclo 2,2,BA,IZV-6C04,2021-07-29,"129,0"
ciclo 2,2,BA,IZV-6C04,2021-08-05,"86,0"
ciclo 2,2,BA,IZV-6C04,2021-08-06,"106,0"
ciclo 2,2,BA,IZV-6C04,2021-08-07,"207,0"
ciclo 2,2,BA,IZV-6C04,2021-08-08,"140,0"
ciclo 2,2,BA,IZV-6C04,2021-08-10,"303,0"
ciclo 2,2,BA,IZV-6C04,2021-08-11,"127,0"
ciclo 2,2,BA,IZV-6C04,2021-08-12,"162,0"
ciclo 2,2,BA,IZV-6C04,2021-08-13,"66,0"
ciclo 2,2,BA,IZV-6C04,2021-08-14,"253,0"
ciclo 2,2,BA,IZV-6C04,2021-08-15,"145,0"
ciclo 2,2,BA,IZV-6C04,2021-08-16,"48,0"
ciclo 2,2,BA,IZV-6C04,2021-08-28,"1,0"
ciclo 2,2,BA,IZV-6C04,2021-08-29,"65,0"
ciclo 2,2,BA,IZV-6C04,2021-08-30,"56,0"
ciclo 2,2,BA,IZV-6C04,2021-08-31,"266,0"
ciclo 2,2,BA,IZV-6C04,2021-09-14,"5,0"
ciclo 2,2,BA,IZV-6C04,2021-09-29,"73,0"
ciclo 2,2,BA,IZV-6C04,2021-09-30,"47,0"
ciclo 2,2,BA,IZV-6C04,2021-10-01,"81,0"
ciclo 2,2,BA,IZV-6C04,2021-10-04,"201,0"
ciclo 2,2,BA,IZV-6C04,2021-10-05,"202,0"
ciclo 2,2,BA,IZV-6C04,2021-10-07,"280,0"
ciclo 2,2,BA,IZV-6C04,2021-10-08,"144,0"
ciclo 2,2,BA,IZV-6C04,2021-11-02,"75,0"
ciclo 2,2,BA,IZV-6C04,2021-11-03,"35,0"
ciclo 2,2,BA,IZV-6C04,2021-11-04,"75,0"
ciclo 2,2,BA,IZV-6C04,2021-11-05,"128,0"
ciclo 2,2,BA,IZV-6C04,2021-11-08,"194,0"
ciclo 2,2,BA,IZV-6C04,2021-11-09,"223,0"
ciclo 2,2,BA,IZV-6C04,2021-11-10,"155,0"
ciclo 2,2,BA,IZV-6C04,2021-11-11,"190,0"
ciclo 2,2,BA,IZV-6C04,2021-11-12,"110,0"
ciclo 2,2,BA,IZV-6C04,2021-11-13,"146,0"
ciclo 2,2,BA,IZV-6C04,2021-11-17,"68,0"
ciclo 2,2,BA,IZV-6C04,2021-11-19,"115,0"
ciclo 2,2,BA,IZV-6C04,2021-11-20,"261,0"
ciclo 2,2,BA,IZV-6C04,2021-11-21,"26,0"
ciclo 2,2,BA,IZV-6C04,2021-11-22,"48,0"
ciclo 2,2,BA,IZV-6C04,2021-11-23,"184,0"
ciclo 2,2,CE,IYB-0025,2021-07-29,"103,0"
ciclo 2,2,CE,IYB-0025,2021-08-12,"206,0"
ciclo 2,2,CE,IYB-0025,2021-08-13,"296,0"
ciclo 2,2,CE,IYB-0025,2021-08-14,"210,0"
ciclo 2,2,CE,IYB-0025,2021-08-17,"334,0"
ciclo 2,2,CE,IYB-0025,2021-08-18,"220,0"
ciclo 2,2,CE,IYB-0025,2021-08-19,"40,0"
ciclo 2,2,CE,IYB-0025,2021-08-20,"262,0"
ciclo 2,2,CE,IYB-0025,2021-08-21,"32,0"
ciclo 2,2,CE,IYB-0025,2021-08-22,"135,0"
ciclo 2,2,CE,IYB-0025,2021-08-23,"237,0"
ciclo 2,2,CE,IYB-0025,2021-08-24,"93,0"
ciclo 2,2,CE,IYB-0025,2021-08-25,"96,0"
ciclo 2,2,CE,IYB-0025,2021-08-26,"1,0"
ciclo 2,2,CE,IYB-0025,2021-11-17,"10,0"
ciclo 2,2,CE,IYB-0025,2021-11-18,"41,0"
ciclo 2,2,MA,IYB-0025,2021-10-04,"15,0"
ciclo 2,2,MA,IYB-0025,2021-10-05,"183,0"
ciclo 2,2,MA,IYB-0025,2021-10-06,"115,0"
ciclo 2,2,MA,IYB-0025,2021-10-07,"154,0"
ciclo 2,2,MA,IYB-0025,2021-10-08,"188,0"
ciclo 2,2,MA,IYB-0025,2021-10-09,"124,0"
ciclo 2,2,MA,IYB-0025,2021-10-10,"53,0"
ciclo 2,2,MA,IYB-0025,2021-10-11,"206,0"
ciclo 2,2,MA,IYB-0025,2021-10-12,"178,0"
ciclo 2,2,MA,IYB-0025,2021-10-16,"153,0"
ciclo 2,2,MA,IYB-0025,2021-10-17,"231,0"
ciclo 2,2,MA,IYB-0025,2021-10-18,"97,0"
ciclo 2,2,MA,IYB-0025,2021-10-20,"268,0"
ciclo 2,2,MA,IYB-0025,2021-10-21,"15,0"
ciclo 2,2,MA,IYB-0025,2021-10-22,"74,0"
ciclo 2,2,MA,IYB-0025,2021-10-23,"148,0"
ciclo 2,2,MA,IYB-0025,2021-10-24,"240,0"
ciclo 2,2,MA,IYB-0025,2021-10-25,"223,0"
ciclo 2,2,MA,IYB-0025,2021-10-26,"254,0"
ciclo 2,2,MA,IYB-0025,2021-10-27,"266,0"
ciclo 2,2,MA,IYB-0025,2021-10-28,"90,0"
ciclo 2,2,MA,IYB-0025,2022-01-09,"29,0"
ciclo 2,2,MA,IYB-0025,2022-01-10,"1,0"
ciclo 2,2,PB,IZV-6C04,2021-12-10,"45,0"
ciclo 2,2,PB,IZV-6C04,2021-12-11,"213,0"
ciclo 2,2,PB,IZV-6C04,2021-12-12,"328,0"
ciclo 2,2,PB,IZV-6C04,2021-12-13,"85,0"
ciclo 2,2,PB,IZV-6C04,2021-12-14,"171,0"
ciclo 2,2,PB,IZV-6C04,2021-12-15,"238,0"
ciclo 2,2,PB,IZV-6C04,2021-12-16,"5,0"
ciclo 2,2,PB,IZV-6C04,2021-12-17,"200,0"
ciclo 2,2,PB,IZV-6C04,2021-12-18,"244,0"
ciclo 2,2,PB,IZV-6C04,2022-01-13,"16,0"
ciclo 2,2,PE,IZV-6C04,2021-11-23,"171,0"
ciclo 2,2,PE,IZV-6C04,2021-11-24,"133,0"
ciclo 2,2,PE,IZV-6C04,2021-11-25,"92,0"
ciclo 2,2,PE,IZV-6C04,2021-11-26,"184,0"
ciclo 2,2,PE,IZV-6C04,2021-11-27,"125,0"
ciclo 2,2,PE,IZV-6C04,2021-11-28,"218,0"
ciclo 2,2,PE,IZV-6C04,2021-11-29,"86,0"
ciclo 2,2,PE,IZV-6C04,2021-11-30,"91,0"
ciclo 2,2,PE,IZV-6C04,2021-12-01,"25,0"
ciclo 2,2,PE,IZV-6C04,2021-12-02,"148,0"
ciclo 2,2,PE,IZV-6C04,2021-12-03,"239,0"
ciclo 2,2,PE,IZV-6C04,2021-12-04,"44,0"
ciclo 2,2,PE,IZV-6C04,2021-12-05,"172,0"
ciclo 2,2,PE,IZV-6C04,2021-12-06,"181,0"
ciclo 2,2,PE,IZV-6C04,2021-12-07,"214,0"
ciclo 2,2,PE,IZV-6C04,2021-12-08,"128,0"
ciclo 2,2,PE,IZV-6C04,2021-12-09,"26,0"
ciclo 2,2,PE,IZV-6C04,2022-03-03,"6,0"
ciclo 2,2,PI,IYB-0025,2021-08-27,"74,0"
ciclo 2,2,PI,IYB-0025,2021-08-28,"134,0"
ciclo 2,2,PI,IYB-0025,2021-08-29,"116,0"
ciclo 2,2,PI,IYB-0025,2021-08-30,"289,0"
ciclo 2,2,PI,IYB-0025,2021-08-31,"171,0"
ciclo 2,2,PI,IYB-0025,2021-09-01,"99,0"
ciclo 2,2,PI,IYB-0025,2021-09-02,"29,0"
ciclo 2,2,PI,IYB-0025,2021-09-21,"112,0"
ciclo 2,2,PI,IYB-0025,2021-09-22,"22,0"
ciclo 2,2,PI,IYB-0025,2021-09-24,"86,0"
ciclo 2,2,PI,IYB-0025,2021-09-25,"22,0"
ciclo 2,2,PI,IYB-0025,2021-09-26,"1,0"
ciclo 2,2,PI,IYB-0025,2021-09-27,"111,0"
ciclo 2,2,PI,IYB-0025,2021-09-28,"26,0"
ciclo 2,2,PI,IYB-0025,2021-09-29,"32,0"
ciclo 2,2,PI,IYB-0025,2021-10-29,"37,0"
ciclo 2,2,PI,IYB-0025,2021-11-10,"160,0"
ciclo 2,2,PI,IYB-0025,2021-11-11,"250,0"
ciclo 2,2,PI,IYB-0025,2021-11-12,"246,0"
ciclo 2,2,PI,IYB-0025,2021-11-13,"281,0"
ciclo 2,2,PI,IYB-0025,2021-11-14,"6,0"
ciclo 2,2,PI,IYB-0025,2021-11-15,"122,0"
ciclo 2,2,PI,IYB-0025,2021-11-16,"58,0"
ciclo 2,2,RN,IYB-0025,2021-07-12,"163,0"
ciclo 2,2,RN,IYB-0025,2021-07-16,"176,0"
ciclo 2,2,RN,IYB-0025,2021-07-17,"71,0"
ciclo 2,2,RN,IYB-0025,2021-07-18,"154,0"
ciclo 2,2,RN,IYB-0025,2021-07-19,"114,0"
ciclo 2,2,RN,IYB-0025,2021-07-20,"198,0"
ciclo 2,2,RN,IYB-0025,2021-07-21,"22,0"
ciclo 2,2,RN,IYB-0025,2021-07-22,"237,0"
ciclo 2,2,RN,IYB-0025,2021-07-23,"16,0"
ciclo 2,2,RN,IYB-0025,2021-07-24,"133,0"
ciclo 2,2,RN,IYB-0025,2021-07-25,"18,0"
ciclo 2,2,RN,IYB-0025,2021-07-26,"20,0"
ciclo 2,2,RN,IYB-0025,2021-07-27,"238,0"
ciclo 2,2,RN,IYB-0025,2021-07-28,"102,0"
ciclo 2,2,RN,IYB-0025,2021-08-19,"6,0"
ciclo 2,2,SE,IZV-6C04,2021-10-15,"116,0"
ciclo 2,2,SE,IZV-6C04,2021-10-17,"208,0"
ciclo 2,2,SE,IZV-6C04,2021-10-18,"57,0"
ciclo 2,2,SE,IZV-6C04,2022-01-07,"24,0"
ciclo 2,3,ES,ASE-4733,2021-10-17,"19,0"
ciclo 2,3,ES,ASE-4733,2021-10-26,"104,0"
ciclo 2,3,ES,ASE-4733,2022-02-24,"35,0"
ciclo 2,3,ES,ASE-4733,2022-02-26,"55,0"
ciclo 2,3,ES,ASE-4733,2022-02-27,"53,0"
ciclo 2,3,ES,ASE-4733,2022-02-28,"8,0"
ciclo 2,3,ES,ASE-4733,2022-03-01,"96,0"
ciclo 2,3,ES,ASE-4733,2022-03-02,"71,0"
ciclo 2,3,ES,ASE-4733,2022-03-03,"48,0"
ciclo 2,3,ES,ASE-4733,2022-03-04,"14,0"
ciclo 2,3,MG,ASE-4733,2021-07-21,"117,0"
ciclo 2,3,MG,ASE-4733,2021-07-22,"1,0"
ciclo 2,3,MG,ASE-4733,2021-07-23,"176,0"
ciclo 2,3,MG,ASE-4733,2021-07-24,"79,0"
ciclo 2,3,MG,ASE-4733,2021-07-25,"97,0"
ciclo 2,3,MG,ASE-4733,2021-07-26,"18,0"
ciclo 2,3,MG,ASE-4733,2021-08-12,"89,0"
ciclo 2,3,MG,ASE-4733,2021-08-13,"46,0"
ciclo 2,3,MG,ASE-4733,2021-08-16,"44,0"
ciclo 2,3,MG,ASE-4733,2021-08-17,"62,0"
ciclo 2,3,MG,ASE-4733,2021-08-18,"130,0"
ciclo 2,3,MG,ASE-4733,2021-08-19,"54,0"
ciclo 2,3,MG,ASE-4733,2021-08-21,"86,0"
ciclo 2,3,MG,ASE-4733,2021-08-25,"228,0"
ciclo 2,3,MG,ASE-4733,2021-09-13,"62,0"
ciclo 2,3,MG,ASE-4733,2021-10-24,"53,0"
ciclo 2,3,MG,ASE-4733,2021-10-26,"89,0"
ciclo 2,3,MG,ASE-4733,2021-10-27,"41,0"
ciclo 2,3,MG,ASE-4733,2021-10-28,"112,0"
ciclo 2,3,MG,ASE-4733,2021-10-29,"141,0"
ciclo 2,3,MG,ASE-4733,2021-10-30,"38,0"
ciclo 2,3,MG,ASE-4733,2021-10-31,"23,0"
ciclo 2,3,MG,ASE-4733,2022-01-27,"83,0"
ciclo 2,3,MG,ASE-4733,2022-01-28,"43,0"
ciclo 2,3,MG,ASE-4733,2022-01-29,"112,0"
ciclo 2,3,MG,ASE-4733,2022-02-17,"69,0"
ciclo 2,3,MG,ASE-4733,2022-02-18,"130,0"
ciclo 2,3,MG,ASE-4733,2022-02-19,"139,0"
ciclo 2,3,MG,ASE-4733,2022-02-20,"99,0"
ciclo 2,3,MG,ASE-4733,2022-02-21,"41,0"
ciclo 2,3,MG,ASE-4733,2022-02-22,"207,0"
ciclo 2,3,MG,ASE-4733,2022-02-23,"109,0"
ciclo 2,3,MG,ASE-4733,2022-02-24,"3,0"
ciclo 2,3,MG,ASE-4733,2022-02-25,"119,0"
ciclo 2,3,MG,ASE-4733,2022-02-26,"87,0"
ciclo 2,3,MG,ASE-4733,2022-02-27,"77,0"
ciclo 2,3,MG,ASE-4733,2022-02-28,"75,0"
ciclo 2,3,MG,ASE-4733,2022-03-01,"186,0"
ciclo 2,3,MG,ASE-4733,2022-03-02,"81,0"
ciclo 2,3,MG,ASE-4733,2022-03-03,"74,0"
ciclo 2,3,MG,ASE-4733,2022-03-05,"128,0"
ciclo 2,3,MG,ASE-4733,2022-03-06,"113,0"
ciclo 2,3,MG,ASE-4733,2022-03-07,"51,0"
ciclo 2,3,MG,ASE-4733,2022-03-08,"90,0"
ciclo 2,3,MG,ASE-4733,2022-03-12,"26,0"
ciclo 2,3,MG,ASE-4733,2022-03-13,"137,0"
ciclo 2,3,MG,ASE-4733,2022-03-14,"71,0"
ciclo 2,3,MG,ASE-4733,2022-03-15,"40,0"
ciclo 2,3,MG,ASE-4733,2022-03-16,"27,0"
ciclo 2,3,MG,ASE-4733,2022-03-17,"310,0"
ciclo 2,3,MG,ASE-4733,2022-03-18,"219,0"
ciclo 2,3,MG,ASE-4733,2022-03-25,"7,0"
ciclo 2,3,PR,PYU-7216,2021-06-26,"43,0"
ciclo 2,3,PR,PYU-7216,2021-06-27,"47,0"
ciclo 2,3,PR,PYU-7216,2021-06-28,"93,0"
ciclo 2,3,PR,PYU-7216,2021-06-29,"143,0"
ciclo 2,3,PR,PYU-7216,2021-06-30,"66,0"
ciclo 2,3,PR,PYU-7216,2021-07-01,"153,0"
ciclo 2,3,PR,PYU-7216,2021-07-02,"17,0"
ciclo 2,3,PR,PYU-7216,2021-07-03,"124,0"
ciclo 2,3,PR,PYU-7216,2021-07-05,"162,0"
ciclo 2,3,PR,PYU-7216,2021-07-06,"248,0"
ciclo 2,3,PR,PYU-7216,2021-07-07,"142,0"
ciclo 2,3,PR,PYU-7216,2021-07-08,"177,0"
ciclo 2,3,PR,PYU-7216,2021-07-09,"120,0"
ciclo 2,3,PR,PYU-7216,2021-07-12,"153,0"
ciclo 2,3,PR,PYU-7216,2021-07-13,"75,0"
ciclo 2,3,PR,PYU-7216,2021-07-18,"140,0"
ciclo 2,3,PR,PYU-7216,2021-07-19,"221,0"
ciclo 2,3,PR,PYU-7216,2021-07-20,"203,0"
ciclo 2,3,PR,PYU-7216,2021-07-21,"113,0"
ciclo 2,3,PR,PYU-7216,2021-07-22,"159,0"
ciclo 2,3,PR,PYU-7216,2021-07-23,"102,0"
ciclo 2,3,PR,PYU-7216,2021-07-24,"58,0"
ciclo 2,3,PR,PYU-7216,2021-07-26,"85,0"
ciclo 2,3,PR,PYU-7216,2021-07-27,"67,0"
ciclo 2,3,PR,PYU-7216,2021-08-03,"9,0"
ciclo 2,3,PR,PYU-7216,2021-09-06,"21,0"
ciclo 2,3,PR,PYU-7216,2021-09-08,"26,0"
ciclo 2,3,PR,PYU-7216,2021-09-09,"106,0"
ciclo 2,3,PR,PYU-7216,2021-09-10,"123,0"
ciclo 2,3,PR,PYU-7216,2021-09-11,"60,0"
ciclo 2,3,PR,PYU-7216,2021-09-12,"51,0"
ciclo 2,3,PR,PYU-7216,2021-09-13,"148,0"
ciclo 2,3,PR,PYU-7216,2021-09-15,"133,0"
ciclo 2,3,PR,PYU-7216,2021-11-25,"126,0"
ciclo 2,3,PR,PYU-7216,2021-11-26,"104,0"
ciclo 2,3,PR,PYU-7216,2021-12-02,"39,0"
ciclo 2,3,PR,PYU-7216,2021-12-05,"34,0"
ciclo 2,3,PR,PYU-7216,2021-12-07,"5,0"
ciclo 2,3,PR,PYU-7216,2021-12-08,"218,0"
ciclo 2,3,PR,PYU-7216,2021-12-11,"35,0"
ciclo 2,3,PR,PYU-7216,2021-12-13,"42,0"
ciclo 2,3,PR,PYU-7216,2021-12-14,"46,0"
ciclo 2,3,PR,PYU-7216,2021-12-17,"79,0"
ciclo 2,3,PR,PYU-7216,2021-12-18,"24,0"
ciclo 2,3,PR,PYU-7216,2022-02-02,"1,0"
ciclo 2,3,RJ,ASE-4733,2022-02-23,"52,0"
ciclo 2,3,RJ,ASE-4733,2022-02-24,"106,0"
ciclo 2,3,RJ,ASE-4733,2022-02-25,"52,0"
ciclo 2,3,RJ,ASE-4733,2022-03-08,"24,0"
ciclo 2,3,RJ,ASE-4733,2022-03-09,"50,0"
ciclo 2,3,RJ,ASE-4733,2022-03-13,"122,0"
ciclo 2,3,RJ,ASE-4733,2022-03-14,"73,0"
ciclo 2,3,RJ,ASE-4733,2022-03-15,"113,0"
ciclo 2,3,RJ,ASE-4733,2022-03-16,"49,0"
ciclo 2,3,RJ,ASE-4733,2022-03-17,"10,0"
ciclo 2,3,RJ,ASE-4733,2022-03-18,"11,0"
ciclo 2,3,RJ,ASE-4733,2022-03-26,"39,0"
ciclo 2,3,RJ,ASE-4733,2022-03-27,"29,0"
ciclo 2,3,RS,PYU-7216,2021-09-18,"62,0"
ciclo 2,3,RS,PYU-7216,2021-09-22,"155,0"
ciclo 2,3,RS,PYU-7216,2021-09-23,"16,0"
ciclo 2,3,RS,PYU-7216,2021-09-24,"95,0"
ciclo 2,3,RS,PYU-7216,2021-09-25,"142,0"
ciclo 2,3,RS,PYU-7216,2021-09-27,"99,0"
ciclo 2,3,RS,PYU-7216,2021-09-28,"132,0"
ciclo 2,3,RS,PYU-7216,2021-09-29,"297,0"
ciclo 2,3,RS,PYU-7216,2021-09-30,"120,0"
ciclo 2,3,RS,PYU-7216,2021-10-01,"86,0"
ciclo 2,3,RS,PYU-7216,2021-10-02,"198,0"
ciclo 2,3,RS,PYU-7216,2021-10-04,"250,0"
ciclo 2,3,RS,PYU-7216,2021-10-05,"308,0"
ciclo 2,3,RS,PYU-7216,2021-10-06,"286,0"
ciclo 2,3,RS,PYU-7216,2021-10-07,"226,0"
ciclo 2,3,RS,PYU-7216,2021-10-08,"32,0"
ciclo 2,3,RS,PYU-7216,2021-10-09,"222,0"
ciclo 2,3,RS,PYU-7216,2021-10-12,"7,0"
ciclo 2,3,RS,PYU-7216,2021-10-13,"268,0"
ciclo 2,3,RS,PYU-7216,2021-10-14,"128,0"
ciclo 2,3,RS,PYU-7216,2021-10-15,"71,0"
ciclo 2,3,RS,PYU-7216,2021-10-16,"33,0"
ciclo 2,3,RS,PYU-7216,2021-10-18,"176,0"
ciclo 2,3,RS,PYU-7216,2021-10-19,"121,0"
ciclo 2,3,RS,PYU-7216,2021-10-20,"222,0"
ciclo 2,3,RS,PYU-7216,2021-10-21,"182,0"
ciclo 2,3,RS,PYU-7216,2021-10-22,"139,0"
ciclo 2,3,RS,PYU-7216,2021-10-23,"18,0"
ciclo 2,3,RS,PYU-7216,2021-10-25,"101,0"
ciclo 2,3,RS,PYU-7216,2021-10-26,"139,0"
ciclo 2,3,RS,PYU-7216,2021-10-27,"212,0"
ciclo 2,3,RS,PYU-7216,2021-10-28,"43,0"
ciclo 2,3,RS,PYU-7216,2021-10-29,"177,0"
ciclo 2,3,RS,PYU-7216,2021-10-30,"75,0"
ciclo 2,3,SC,PYU-7216,2021-09-13,"3,0"
ciclo 2,3,SC,PYU-7216,2021-09-18,"112,0"
ciclo 2,3,SC,PYU-7216,2021-09-19,"25,0"
ciclo 2,3,SC,PYU-7216,2021-09-20,"247,0"
ciclo 2,3,SC,PYU-7216,2021-09-21,"8,0"
ciclo 2,3,SC,PYU-7216,2021-09-22,"77,0"
ciclo 2,3,SC,PYU-7216,2021-11-01,"203,0"
ciclo 2,3,SC,PYU-7216,2021-11-02,"154,0"
ciclo 2,3,SC,PYU-7216,2021-11-03,"73,0"
ciclo 2,3,SC,PYU-7216,2021-11-04,"25,0"
ciclo 2,3,SC,PYU-7216,2021-11-05,"85,0"
ciclo 2,3,SC,PYU-7216,2021-11-09,"144,0"
ciclo 2,3,SC,PYU-7216,2021-11-10,"111,0"
ciclo 2,3,SC,PYU-7216,2021-11-11,"128,0"
ciclo 2,3,SC,PYU-7216,2021-11-18,"47,0"
ciclo 2,3,SC,PYU-7216,2021-11-19,"74,0"
ciclo 2,3,SC,PYU-7216,2021-11-20,"10,0"
ciclo 2,3,SC,PYU-7216,2021-11-21,"109,0"
ciclo 2,3,SC,PYU-7216,2021-12-13,"11,0"
ciclo 2,3,SC,PYU-7216,2022-03-23,"3,0"
ciclo 2,3,SP,ASE-4733,2022-03-08,"42,0"
ciclo 2,3,SP,ASE-4733,2022-03-16,"53,0"
ciclo 2,3,SP,ASE-4733,2022-03-20,"14,0"
ciclo 3,1,AC,QXH-5I98,2022-08-21,"133,0"
ciclo 3,1,AC,QXH-5I98,2022-08-22,"279,0"
ciclo 3,1,AC,QXH-5I98,2022-08-23,"4,0"
ciclo 3,1,AC,QXH-5I98,2022-08-24,"79,0"
ciclo 3,1,AC,QXH-5I98,2022-08-25,"187,0"
ciclo 3,1,AC,QXH-5I98,2022-08-26,"312,0"
ciclo 3,1,AC,QXH-5I98,2022-08-27,"172,0"
ciclo 3,1,AC,QXH-5I98,2022-08-28,"31,0"
ciclo 3,1,AM,QXH-5I98,2022-07-28,"5,0"
ciclo 3,1,AM,QXH-5I98,2022-08-04,"135,0"
ciclo 3,1,AM,QXH-5I98,2022-08-05,"118,0"
ciclo 3,1,AM,QXH-5I98,2022-08-13,"0,0"
ciclo 3,1,AM,QXH-5I98,2022-08-14,"184,0"
ciclo 3,1,AM,QXH-5I98,2022-08-16,"15,0"
ciclo 3,1,AM,QXH-5I98,2022-08-17,"57,0"
ciclo 3,1,AM,QXH-5I98,2022-08-18,"61,0"
ciclo 3,1,AM,QXH-5I98,2022-08-21,"64,0"
ciclo 3,1,AP,QXH-5I98,2022-07-03,"112,0"
ciclo 3,1,AP,QXH-5I98,2022-07-04,"309,0"
ciclo 3,1,AP,QXH-5I98,2022-07-05,"52,0"
ciclo 3,1,DF,QXH-5I98,2022-06-11,"47,0"
ciclo 3,1,DF,RFA-5H23,2022-06-09,"49,0"
ciclo 3,1,DF,RFA-5H23,2022-06-10,"17,0"
ciclo 3,1,DF,RFA-5H23,2022-06-11,"16,0"
ciclo 3,1,DF,RFA-5H23,2022-06-15,"29,0"
ciclo 3,1,DF,RFA-5H23,2022-06-16,"49,0"
ciclo 3,1,GO,QXH-5I98,2022-06-11,"17,0"
ciclo 3,1,GO,QXH-5I98,2022-06-12,"105,0"
ciclo 3,1,GO,QXH-5I98,2022-06-13,"44,0"
ciclo 3,1,GO,RFA-5H23,2022-06-10,"28,0"
ciclo 3,1,GO,RFA-5H23,2022-06-11,"25,0"
ciclo 3,1,GO,RFA-5H23,2022-06-12,"83,0"
ciclo 3,1,GO,RFA-5H23,2022-06-13,"107,0"
ciclo 3,1,GO,RFA-5H23,2022-06-14,"84,0"
ciclo 3,1,GO,RFA-5H23,2022-06-16,"69,0"
ciclo 3,1,GO,RFA-5H23,2022-06-17,"28,0"
ciclo 3,1,GO,RFA-5H23,2022-06-18,"136,0"
ciclo 3,1,GO,RFA-5H23,2022-06-19,"54,0"
ciclo 3,1,GO,RFA-5H23,2022-06-20,"157,0"
ciclo 3,1,GO,RFA-5H23,2022-06-29,"85,0"
ciclo 3,1,GO,RFA-5H23,2022-07-02,"97,0"
ciclo 3,1,GO,RFA-5H23,2022-07-03,"159,0"
ciclo 3,1,GO,RFA-5H23,2022-07-04,"194,0"
ciclo 3,1,GO,RFA-5H23,2022-07-05,"114,0"
ciclo 3,1,GO,RFA-5H23,2022-07-06,"203,0"
ciclo 3,1,GO,RFA-5H23,2022-07-07,"106,0"
ciclo 3,1,GO,RFA-5H23,2022-07-08,"96,0"
ciclo 3,1,GO,RFA-5H23,2022-07-29,"18,0"
ciclo 3,1,GO,RFA-5H23,2022-07-30,"168,0"
ciclo 3,1,GO,RFA-5H23,2022-08-19,"68,0"
ciclo 3,1,GO,RFA-5H23,2022-08-20,"3,0"
ciclo 3,1,MS,RFA-5H23,2022-06-30,"205,0"
ciclo 3,1,MS,RFA-5H23,2022-07-01,"50,0"
ciclo 3,1,MS,RFA-5H23,2022-07-09,"148,0"
ciclo 3,1,MS,RFA-5H23,2022-07-10,"199,0"
ciclo 3,1,MS,RFA-5H23,2022-07-11,"105,0"
ciclo 3,1,MS,RFA-5H23,2022-07-12,"69,0"
ciclo 3,1,MS,RFA-5H23,2022-07-13,"173,0"
ciclo 3,1,MS,RFA-5H23,2022-07-14,"124,0"
ciclo 3,1,MS,RFA-5H23,2022-07-15,"155,0"
ciclo 3,1,MS,RFA-5H23,2022-07-16,"272,0"
ciclo 3,1,MS,RFA-5H23,2022-07-17,"23,0"
ciclo 3,1,MS,RFA-5H23,2022-07-18,"113,0"
ciclo 3,1,MS,RFA-5H23,2022-07-19,"166,0"
ciclo 3,1,MS,RFA-5H23,2022-07-20,"181,0"
ciclo 3,1,MS,RFA-5H23,2022-07-21,"209,0"
ciclo 3,1,MS,RFA-5H23,2022-07-22,"55,0"
ciclo 3,1,MS,RFA-5H23,2022-07-23,"101,0"
ciclo 3,1,MS,RFA-5H23,2022-07-24,"104,0"
ciclo 3,1,MS,RFA-5H23,2022-07-25,"115,0"
ciclo 3,1,MS,RFA-5H23,2022-07-26,"129,0"
ciclo 3,1,MS,RFA-5H23,2022-07-27,"165,0"
ciclo 3,1,MS,RFA-5H23,2022-07-28,"231,0"
ciclo 3,1,MT,RFA-5H23,2022-06-21,"213,0"
ciclo 3,1,MT,RFA-5H23,2022-06-22,"137,0"
ciclo 3,1,MT,RFA-5H23,2022-06-23,"107,0"
ciclo 3,1,MT,RFA-5H23,2022-06-24,"195,0"
ciclo 3,1,MT,RFA-5H23,2022-06-25,"102,0"
ciclo 3,1,MT,RFA-5H23,2022-06-26,"26,0"
ciclo 3,1,MT,RFA-5H23,2022-06-27,"159,0"
ciclo 3,1,MT,RFA-5H23,2022-06-28,"44,0"
ciclo 3,1,MT,RFA-5H23,2022-08-20,"83,0"
ciclo 3,1,MT,RFA-5H23,2022-08-22,"129,0"
ciclo 3,1,MT,RFA-5H23,2022-08-23,"159,0"
ciclo 3,1,MT,RFA-5H23,2022-08-24,"152,0"
ciclo 3,1,MT,RFA-5H23,2022-08-25,"158,0"
ciclo 3,1,MT,RFA-5H23,2022-08-26,"35,0"
ciclo 3,1,MT,RFA-5H23,2022-09-06,"149,0"
ciclo 3,1,MT,RFA-5H23,2022-09-07,"100,0"
ciclo 3,1,MT,RFA-5H23,2022-09-08,"145,0"
ciclo 3,1,MT,RFA-5H23,2022-09-09,"75,0"
ciclo 3,1,MT,RFA-5H23,2022-09-10,"225,0"
ciclo 3,1,MT,RFA-5H23,2022-09-11,"296,0"
ciclo 3,1,MT,RFA-5H23,2022-09-12,"167,0"
ciclo 3,1,MT,RFA-5H23,2022-09-13,"269,0"
ciclo 3,1,MT,RFA-5H23,2022-09-14,"201,0"
ciclo 3,1,MT,RFA-5H23,2022-09-15,"8,0"
ciclo 3,1,MT,RFA-5H23,2022-09-16,"98,0"
ciclo 3,1,MT,RFA-5H23,2022-09-17,"252,0"
ciclo 3,1,PA,QXH-5I98,2022-06-25,"182,0"
ciclo 3,1,PA,QXH-5I98,2022-06-26,"159,0"
ciclo 3,1,PA,QXH-5I98,2022-06-27,"177,0"
ciclo 3,1,PA,QXH-5I98,2022-06-28,"129,0"
ciclo 3,1,PA,QXH-5I98,2022-06-29,"175,0"
ciclo 3,1,PA,QXH-5I98,2022-06-30,"126,0"
ciclo 3,1,PA,RFA-5H23,2022-06-27,"98,0"
ciclo 3,1,PA,RFA-5H23,2022-06-28,"95,0"
ciclo 3,1,PA,RFA-5H23,2022-06-30,"12,0"
ciclo 3,1,PA,RFA-5H23,2022-08-26,"186,0"
ciclo 3,1,PA,RFA-5H23,2022-08-27,"105,0"
ciclo 3,1,PA,RFA-5H23,2022-08-28,"202,0"
ciclo 3,1,PA,RFA-5H23,2022-08-29,"44,0"
ciclo 3,1,PA,RFA-5H23,2022-08-30,"92,0"
ciclo 3,1,PA,RFA-5H23,2022-08-31,"156,0"
ciclo 3,1,PA,RFA-5H23,2022-09-01,"102,0"
ciclo 3,1,PA,RFA-5H23,2022-09-02,"132,0"
ciclo 3,1,PA,RFA-5H23,2022-09-03,"94,0"
ciclo 3,1,PA,RFA-5H23,2022-09-04,"143,0"
ciclo 3,1,RO,QXH-5I98,2022-08-18,"143,0"
ciclo 3,1,RO,QXH-5I98,2022-08-20,"131,0"
ciclo 3,1,RO,QXH-5I98,2022-08-28,"208,0"
ciclo 3,1,RO,QXH-5I98,2022-08-29,"156,0"
ciclo 3,1,RO,QXH-5I98,2022-08-30,"138,0"
ciclo 3,1,RO,QXH-5I98,2022-08-31,"81,0"
ciclo 3,1,RO,QXH-5I98,2022-09-01,"219,0"
ciclo 3,1,RO,QXH-5I98,2022-09-02,"259,0"
ciclo 3,1,RO,QXH-5I98,2022-09-03,"123,0"
ciclo 3,1,RO,QXH-5I98,2022-09-04,"278,0"
ciclo 3,1,RO,QXH-5I98,2022-09-05,"200,0"
ciclo 3,1,RO,QXH-5I98,2022-09-06,"66,0"
ciclo 3,1,RR,QXH-5I98,2022-08-05,"101,0"
ciclo 3,1,RR,QXH-5I98,2022-08-06,"136,0"
ciclo 3,1,RR,QXH-5I98,2022-08-07,"110,0"
ciclo 3,1,RR,QXH-5I98,2022-08-08,"234,0"
ciclo 3,1,RR,QXH-5I98,2022-08-09,"189,0"
ciclo 3,1,RR,QXH-5I98,2022-08-10,"100,0"
ciclo 3,1,RR,QXH-5I98,2022-08-11,"121,0"
ciclo 3,1,RR,QXH-5I98,2022-08-12,"197,0"
ciclo 3,1,TO,QXH-5I98,2022-06-13,"45,0"
ciclo 3,1,TO,QXH-5I98,2022-06-14,"139,0"
ciclo 3,1,TO,QXH-5I98,2022-06-15,"207,0"
ciclo 3,1,TO,QXH-5I98,2022-06-16,"123,0"
ciclo 3,1,TO,QXH-5I98,2022-06-17,"141,0"
ciclo 3,1,TO,QXH-5I98,2022-06-18,"141,0"
ciclo 3,1,TO,QXH-5I98,2022-06-19,"54,0"
ciclo 3,1,TO,QXH-5I98,2022-06-20,"103,0"
ciclo 3,1,TO,QXH-5I98,2022-06-21,"178,0"
ciclo 3,1,TO,QXH-5I98,2022-06-22,"144,0"
ciclo 3,1,TO,QXH-5I98,2022-06-23,"172,0"
ciclo 3,1,TO,QXH-5I98,2022-06-24,"181,0"
ciclo 3,2,AL,IZV-6C04,2022-09-24,"126,0"
ciclo 3,2,AL,IZV-6C04,2022-09-25,"104,0"
ciclo 3,2,AL,IZV-6C04,2022-09-27,"179,0"
ciclo 3,2,AL,IZV-6C04,2022-09-29,"184,0"
ciclo 3,2,AL,IZV-6C04,2022-09-30,"216,0"
ciclo 3,2,AL,IZV-6C04,2022-10-01,"122,0"
ciclo 3,2,BA,IZV-6C04,2022-06-12,"137,0"
ciclo 3,2,BA,IZV-6C04,2022-06-13,"124,0"
ciclo 3,2,BA,IZV-6C04,2022-06-14,"45,0"
ciclo 3,2,BA,IZV-6C04,2022-06-16,"131,0"
ciclo 3,2,BA,IZV-6C04,2022-06-17,"99,0"
ciclo 3,2,BA,IZV-6C04,2022-06-18,"217,0"
ciclo 3,2,BA,IZV-6C04,2022-06-19,"246,0"
ciclo 3,2,BA,IZV-6C04,2022-06-20,"281,0"
ciclo 3,2,BA,IZV-6C04,2022-06-22,"58,0"
ciclo 3,2,BA,IZV-6C04,2022-06-23,"67,0"
ciclo 3,2,BA,IZV-6C04,2022-07-09,"81,0"
ciclo 3,2,BA,IZV-6C04,2022-07-10,"96,0"
ciclo 3,2,BA,IZV-6C04,2022-07-11,"5,0"
ciclo 3,2,BA,IZV-6C04,2022-07-13,"44,0"
ciclo 3,2,BA,IZV-6C04,2022-07-14,"47,0"
ciclo 3,2,BA,IZV-6C04,2022-07-15,"78,0"
ciclo 3,2,BA,IZV-6C04,2022-07-16,"145,0"
ciclo 3,2,BA,IZV-6C04,2022-07-17,"22,0"
ciclo 3,2,BA,IZV-6C04,2022-07-18,"86,0"
ciclo 3,2,BA,IZV-6C04,2022-07-19,"308,0"
ciclo 3,2,BA,IZV-6C04,2022-07-20,"137,0"
ciclo 3,2,BA,IZV-6C04,2022-07-21,"175,0"
ciclo 3,2,BA,IZV-6C04,2022-07-22,"209,0"
ciclo 3,2,BA,IZV-6C04,2022-07-23,"7,0"
ciclo 3,2,BA,IZV-6C04,2022-07-24,"63,0"
ciclo 3,2,BA,IZV-6C04,2022-07-26,"70,0"
ciclo 3,2,BA,IZV-6C04,2022-07-27,"181,0"
ciclo 3,2,BA,IZV-6C04,2022-07-28,"54,0"
ciclo 3,2,BA,IZV-6C04,2022-07-29,"97,0"
ciclo 3,2,BA,IZV-6C04,2022-07-30,"151,0"
ciclo 3,2,BA,IZV-6C04,2022-07-31,"224,0"
ciclo 3,2,BA,IZV-6C04,2022-08-01,"159,0"
ciclo 3,2,BA,IZV-6C04,2022-08-02,"239,0"
ciclo 3,2,BA,IZV-6C04,2022-08-03,"62,0"
ciclo 3,2,BA,IZV-6C04,2022-08-04,"1,0"
ciclo 3,2,BA,IZV-6C04,2022-08-12,"109,0"
ciclo 3,2,BA,IZV-6C04,2022-08-13,"112,0"
ciclo 3,2,BA,IZV-6C04,2022-08-15,"22,0"
ciclo 3,2,BA,IZV-6C04,2022-08-17,"128,0"
ciclo 3,2,BA,IZV-6C04,2022-08-18,"193,0"
ciclo 3,2,BA,IZV-6C04,2022-08-20,"71,0"
ciclo 3,2,BA,IZV-6C04,2022-08-23,"158,0"
ciclo 3,2,BA,IZV-6C04,2022-08-24,"157,0"
ciclo 3,2,BA,IZV-6C04,2022-08-25,"267,0"
ciclo 3,2,BA,IZV-6C04,2022-08-27,"310,0"
ciclo 3,2,BA,IZV-6C04,2022-08-29,"80,0"
ciclo 3,2,BA,IZV-6C04,2022-09-03,"5,0"
ciclo 3,2,CE,IYB-0025,2022-07-13,"102,0"
ciclo 3,2,CE,IYB-0025,2022-07-14,"80,0"
ciclo 3,2,CE,IYB-0025,2022-07-15,"158,0"
ciclo 3,2,CE,IYB-0025,2022-07-16,"114,0"
ciclo 3,2,CE,IYB-0025,2022-07-17,"237,0"
ciclo 3,2,CE,IYB-0025,2022-07-19,"116,0"
ciclo 3,2,CE,IYB-0025,2022-07-20,"202,0"
ciclo 3,2,CE,IYB-0025,2022-07-21,"118,0"
ciclo 3,2,CE,IYB-0025,2022-07-22,"47,0"
ciclo 3,2,CE,IYB-0025,2022-07-27,"98,0"
ciclo 3,2,CE,IYB-0025,2022-07-28,"107,0"
ciclo 3,2,CE,IYB-0025,2022-07-29,"121,0"
ciclo 3,2,CE,IYB-0025,2022-07-31,"78,0"
ciclo 3,2,CE,IYB-0025,2022-08-01,"31,0"
ciclo 3,2,CE,IYB-0025,2022-08-02,"27,0"
ciclo 3,2,CE,IYB-0025,2022-08-03,"9,0"
ciclo 3,2,CE,IYB-0025,2022-08-04,"152,0"
ciclo 3,2,CE,IYB-0025,2022-08-05,"38,0"
ciclo 3,2,CE,IYB-0025,2022-08-06,"114,0"
ciclo 3,2,CE,IYB-0025,2022-08-07,"108,0"
ciclo 3,2,CE,IYB-0025,2022-08-09,"43,0"
ciclo 3,2,MA,IYB-0025,2022-08-29,"57,0"
ciclo 3,2,MA,IYB-0025,2022-08-30,"289,0"
ciclo 3,2,MA,IYB-0025,2022-08-31,"354,0"
ciclo 3,2,MA,IYB-0025,2022-09-01,"155,0"
ciclo 3,2,MA,IYB-0025,2022-09-02,"188,0"
ciclo 3,2,MA,IYB-0025,2022-09-03,"215,0"
ciclo 3,2,MA,IYB-0025,2022-09-04,"199,0"
ciclo 3,2,MA,IYB-0025,2022-09-05,"101,0"
ciclo 3,2,MA,IYB-0025,2022-09-06,"272,0"
ciclo 3,2,MA,IYB-0025,2022-09-07,"91,0"
ciclo 3,2,MA,IYB-0025,2022-09-09,"272,0"
ciclo 3,2,MA,IYB-0025,2022-09-10,"323,0"
ciclo 3,2,MA,IYB-0025,2022-09-12,"114,0"
ciclo 3,2,MA,IYB-0025,2022-09-13,"172,0"
ciclo 3,2,MA,IYB-0025,2022-09-14,"303,0"
ciclo 3,2,MA,IYB-0025,2022-09-15,"181,0"
ciclo 3,2,PB,IZV-6C04,2022-09-17,"60,0"
ciclo 3,2,PB,IZV-6C04,2022-09-18,"86,0"
ciclo 3,2,PB,IZV-6C04,2022-09-19,"254,0"
ciclo 3,2,PB,IZV-6C04,2022-09-20,"221,0"
ciclo 3,2,PB,IZV-6C04,2022-09-21,"134,0"
ciclo 3,2,PB,IZV-6C04,2022-09-22,"154,0"
ciclo 3,2,PB,IZV-6C04,2022-09-23,"210,0"
ciclo 3,2,PB,IZV-6C04,2022-09-24,"152,0"
ciclo 3,2,PB,IZV-6C04,2022-09-25,"129,0"
ciclo 3,2,PB,IZV-6C04,2022-09-26,"28,0"
ciclo 3,2,PB,IZV-6C04,2022-09-27,"156,0"
ciclo 3,2,PE,IZV-6C04,2022-09-29,"221,0"
ciclo 3,2,PE,IZV-6C04,2022-09-30,"146,0"
ciclo 3,2,PE,IZV-6C04,2022-10-01,"219,0"
ciclo 3,2,PE,IZV-6C04,2022-10-02,"157,0"
ciclo 3,2,PE,IZV-6C04,2022-10-03,"438,0"
ciclo 3,2,PE,IZV-6C04,2022-10-04,"317,0"
ciclo 3,2,PE,IZV-6C04,2022-10-05,"395,0"
ciclo 3,2,PE,IZV-6C04,2022-10-06,"223,0"
ciclo 3,2,PE,IZV-6C04,2022-10-07,"80,0"
ciclo 3,2,PE,IZV-6C04,2022-10-08,"146,0"
ciclo 3,2,PI,IYB-0025,2022-08-10,"102,0"
ciclo 3,2,PI,IYB-0025,2022-08-11,"106,0"
ciclo 3,2,PI,IYB-0025,2022-08-16,"22,0"
ciclo 3,2,PI,IYB-0025,2022-08-17,"270,0"
ciclo 3,2,PI,IYB-0025,2022-08-18,"121,0"
ciclo 3,2,PI,IYB-0025,2022-08-19,"272,0"
ciclo 3,2,PI,IYB-0025,2022-08-20,"195,0"
ciclo 3,2,PI,IYB-0025,2022-08-21,"93,0"
ciclo 3,2,PI,IYB-0025,2022-08-22,"245,0"
ciclo 3,2,PI,IYB-0025,2022-08-23,"261,0"
ciclo 3,2,PI,IYB-0025,2022-08-24,"271,0"
ciclo 3,2,PI,IYB-0025,2022-08-25,"345,0"
ciclo 3,2,PI,IYB-0025,2022-08-26,"130,0"
ciclo 3,2,RN,IYB-0025,2022-06-23,"288,0"
ciclo 3,2,RN,IYB-0025,2022-06-24,"90,0"
ciclo 3,2,RN,IYB-0025,2022-06-25,"164,0"
ciclo 3,2,RN,IYB-0025,2022-06-27,"101,0"
ciclo 3,2,RN,IYB-0025,2022-06-28,"121,0"
ciclo 3,2,RN,IYB-0025,2022-06-29,"130,0"
ciclo 3,2,RN,IYB-0025,2022-06-30,"242,0"
ciclo 3,2,RN,IYB-0025,2022-07-01,"93,0"
ciclo 3,2,RN,IYB-0025,2022-07-02,"19,0"
ciclo 3,2,RN,IYB-0025,2022-07-04,"88,0"
ciclo 3,2,RN,IYB-0025,2022-07-05,"4,0"
ciclo 3,2,RN,IYB-0025,2022-07-06,"14,0"
ciclo 3,2,RN,IYB-0025,2022-07-08,"22,0"
ciclo 3,2,RN,IYB-0025,2022-07-09,"153,0"
ciclo 3,2,RN,IYB-0025,2022-07-10,"104,0"
ciclo 3,2,RN,IYB-0025,2022-07-11,"85,0"
ciclo 3,2,RN,IYB-0025,2022-07-18,"0,0"
ciclo 3,2,SE,IZV-6C04,2022-09-07,"117,0"
ciclo 3,2,SE,IZV-6C04,2022-09-12,"16,0"
ciclo 3,2,SE,IZV-6C04,2022-09-13,"13,0"
ciclo 3,2,SE,IZV-6C04,2022-09-15,"40,0"
ciclo 3,2,SE,IZV-6C04,2022-09-21,"60,0"
ciclo 3,2,SE,IZV-6C04,2022-09-22,"104,0"
ciclo 3,2,SE,IZV-6C04,2022-09-23,"58,0"
ciclo 3,3,ES,RHG-3B23,2022-07-13,"75,0"
ciclo 3,3,ES,RHG-3B23,2022-07-15,"48,0"
ciclo 3,3,ES,RHG-3B23,2022-07-16,"56,0"
ciclo 3,3,ES,RHG-3B23,2022-07-22,"26,0"
ciclo 3,3,ES,RHG-3B23,2022-07-23,"87,0"
ciclo 3,3,ES,RHG-3B23,2022-07-24,"114,0"
ciclo 3,3,ES,RHG-3B23,2022-10-09,"28,0"
ciclo 3,3,ES,RHG-3B23,2022-10-10,"83,0"
ciclo 3,3,ES,RHG-3B23,2022-12-09,"36,0"
ciclo 3,3,ES,RHG-3B23,2022-12-10,"26,0"
ciclo 3,3,MG,RHG-3B23,2022-07-11,"146,0"
ciclo 3,3,MG,RHG-3B23,2022-07-16,"83,0"
ciclo 3,3,MG,RHG-3B23,2022-07-18,"144,0"
ciclo 3,3,MG,RHG-3B23,2022-07-19,"101,0"
ciclo 3,3,MG,RHG-3B23,2022-07-20,"95,0"
ciclo 3,3,MG,RHG-3B23,2022-07-21,"70,0"
ciclo 3,3,MG,RHG-3B23,2022-07-22,"92,0"
ciclo 3,3,MG,RHG-3B23,2022-08-20,"46,0"
ciclo 3,3,MG,RHG-3B23,2022-08-21,"154,0"
ciclo 3,3,MG,RHG-3B23,2022-08-22,"130,0"
ciclo 3,3,MG,RHG-3B23,2022-08-23,"79,0"
ciclo 3,3,MG,RHG-3B23,2022-09-06,"72,0"
ciclo 3,3,MG,RHG-3B23,2022-09-07,"133,0"
ciclo 3,3,MG,RHG-3B23,2022-09-08,"56,0"
ciclo 3,3,MG,RHG-3B23,2022-09-11,"129,0"
ciclo 3,3,MG,RHG-3B23,2022-09-12,"81,0"
ciclo 3,3,MG,RHG-3B23,2022-09-13,"19,0"
ciclo 3,3,MG,RHG-3B23,2022-09-14,"8,0"
ciclo 3,3,MG,RHG-3B23,2022-09-15,"10,0"
ciclo 3,3,MG,RHG-3B23,2022-09-16,"135,0"
ciclo 3,3,MG,RHG-3B23,2022-09-18,"51,0"
ciclo 3,3,MG,RHG-3B23,2022-09-19,"79,0"
ciclo 3,3,MG,RHG-3B23,2022-09-20,"39,0"
ciclo 3,3,MG,RHG-3B23,2022-09-21,"79,0"
ciclo 3,3,MG,RHG-3B23,2022-09-22,"124,0"
ciclo 3,3,MG,RHG-3B23,2022-09-23,"4,0"
ciclo 3,3,MG,RHG-3B23,2022-10-09,"45,0"
ciclo 3,3,MG,RHG-3B23,2022-10-27,"100,0"
ciclo 3,3,MG,RHG-3B23,2022-10-28,"184,0"
ciclo 3,3,MG,RHG-3B23,2022-10-29,"261,0"
ciclo 3,3,MG,RHG-3B23,2022-10-30,"114,0"
ciclo 3,3,MG,RHG-3B23,2022-10-31,"173,0"
ciclo 3,3,MG,RHG-3B23,2022-11-01,"207,0"
ciclo 3,3,MG,RHG-3B23,2022-11-02,"145,0"
ciclo 3,3,MG,RHG-3B23,2022-11-03,"135,0"
ciclo 3,3,MG,RHG-3B23,2022-11-04,"26,0"
ciclo 3,3,MG,RHG-3B23,2022-11-05,"152,0"
ciclo 3,3,MG,RHG-3B23,2022-11-06,"256,0"
ciclo 3,3,MG,RHG-3B23,2022-11-07,"3,0"
ciclo 3,3,MG,RHG-3B23,2022-11-11,"52,0"
ciclo 3,3,MG,RHG-3B23,2022-11-12,"86,0"
ciclo 3,3,MG,RHG-3B23,2022-11-13,"199,0"
ciclo 3,3,MG,RHG-3B23,2022-11-14,"54,0"
ciclo 3,3,MG,RHG-3B23,2022-11-15,"121,0"
ciclo 3,3,MG,RHG-3B23,2022-11-16,"107,0"
ciclo 3,3,MG,RHG-3B23,2022-11-17,"62,0"
ciclo 3,3,MG,RHG-3B23,2022-11-18,"61,0"
ciclo 3,3,MG,RHG-3B23,2022-11-29,"155,0"
ciclo 3,3,MG,RHG-3B23,2022-11-30,"95,0"
ciclo 3,3,MG,RHG-3B23,2022-12-08,"67,0"
ciclo 3,3,MG,RHG-3B23,2022-12-09,"78,0"
ciclo 3,3,MG,RHG-3B23,2022-12-11,"110,0"
ciclo 3,3,MG,RHG-3B23,2022-12-12,"113,0"
ciclo 3,3,MG,RHG-3B23,2022-12-13,"69,0"
ciclo 3,3,MG,RHG-3B23,2022-12-14,"31,0"
ciclo 3,3,MG,RHG-3B23,2022-12-15,"9,0"
ciclo 3,3,MG,RHG-3B23,2022-12-16,"84,0"
ciclo 3,3,MG,RHG-3B23,2022-12-17,"76,0"
ciclo 3,3,MG,RHG-3B23,2022-12-18,"69,0"
ciclo 3,3,MG,RHG-3B23,2023-01-18,"117,0"
ciclo 3,3,MG,RHG-3B23,2023-01-28,"12,0"
ciclo 3,3,PR,ASE-4733,2022-07-07,"5,0"
ciclo 3,3,PR,ASE-4733,2022-07-09,"31,0"
ciclo 3,3,PR,ASE-4733,2022-07-11,"106,0"
ciclo 3,3,PR,ASE-4733,2022-07-12,"39,0"
ciclo 3,3,PR,ASE-4733,2022-07-13,"65,0"
ciclo 3,3,PR,ASE-4733,2022-07-14,"154,0"
ciclo 3,3,PR,ASE-4733,2022-07-15,"87,0"
ciclo 3,3,PR,ASE-4733,2022-07-16,"158,0"
ciclo 3,3,PR,ASE-4733,2022-07-18,"139,0"
ciclo 3,3,PR,ASE-4733,2022-07-19,"121,0"
ciclo 3,3,PR,ASE-4733,2022-07-20,"222,0"
ciclo 3,3,PR,ASE-4733,2022-07-21,"121,0"
ciclo 3,3,PR,ASE-4733,2022-07-22,"193,0"
ciclo 3,3,PR,ASE-4733,2022-07-23,"199,0"
ciclo 3,3,PR,ASE-4733,2022-07-24,"86,0"
ciclo 3,3,PR,ASE-4733,2022-08-01,"350,0"
ciclo 3,3,PR,ASE-4733,2022-08-02,"249,0"
ciclo 3,3,PR,ASE-4733,2022-08-03,"180,0"
ciclo 3,3,PR,ASE-4733,2022-08-04,"121,0"
ciclo 3,3,PR,ASE-4733,2022-08-09,"24,0"
ciclo 3,3,PR,ASE-4733,2022-08-10,"56,0"
ciclo 3,3,PR,ASE-4733,2022-08-11,"36,0"
ciclo 3,3,PR,ASE-4733,2022-08-12,"73,0"
ciclo 3,3,PR,ASE-4733,2022-08-13,"76,0"
ciclo 3,3,PR,ASE-4733,2022-08-19,"11,0"
ciclo 3,3,PR,ASE-4733,2022-08-20,"119,0"
ciclo 3,3,PR,ASE-4733,2022-08-21,"195,0"
ciclo 3,3,PR,ASE-4733,2022-08-22,"55,0"
ciclo 3,3,PR,ASE-4733,2022-08-23,"37,0"
ciclo 3,3,PR,ASE-4733,2022-08-25,"148,0"
ciclo 3,3,PR,ASE-4733,2022-08-26,"132,0"
ciclo 3,3,PR,ASE-4733,2022-09-28,"12,0"
ciclo 3,3,PR,ASE-4733,2022-10-04,"14,0"
ciclo 3,3,PR,ASE-4733,2022-10-05,"16,0"
ciclo 3,3,PR,ASE-4733,2022-11-16,"132,0"
ciclo 3,3,PR,ASE-4733,2022-11-17,"59,0"
ciclo 3,3,PR,ASE-4733,2022-11-18,"192,0"
ciclo 3,3,PR,ASE-4733,2022-11-19,"165,0"
ciclo 3,3,PR,ASE-4733,2022-11-20,"175,0"
ciclo 3,3,PR,ASE-4733,2022-11-21,"51,0"
ciclo 3,3,PR,ASE-4733,2023-01-06,"33,0"
ciclo 3,3,RJ,RHG-3B23,2022-10-26,"24,0"
ciclo 3,3,RJ,RHG-3B23,2022-10-30,"22,0"
ciclo 3,3,RJ,RHG-3B23,2022-11-11,"22,0"
ciclo 3,3,RJ,RHG-3B23,2022-11-12,"54,0"
ciclo 3,3,RJ,RHG-3B23,2022-11-13,"26,0"
ciclo 3,3,RJ,RHG-3B23,2022-12-09,"68,0"
ciclo 3,3,RJ,RHG-3B23,2022-12-10,"107,0"
ciclo 3,3,RJ,RHG-3B23,2023-01-17,"42,0"
ciclo 3,3,RS,ASE-4733,2022-08-30,"62,0"
ciclo 3,3,RS,ASE-4733,2022-10-08,"34,0"
ciclo 3,3,RS,ASE-4733,2022-10-12,"60,0"
ciclo 3,3,RS,ASE-4733,2022-10-13,"112,0"
ciclo 3,3,RS,ASE-4733,2022-10-15,"143,0"
ciclo 3,3,RS,ASE-4733,2022-10-16,"171,0"
ciclo 3,3,RS,ASE-4733,2022-10-17,"119,0"
ciclo 3,3,RS,ASE-4733,2022-10-18,"20,0"
ciclo 3,3,RS,ASE-4733,2022-10-19,"322,0"
ciclo 3,3,RS,ASE-4733,2022-10-20,"174,0"
ciclo 3,3,RS,ASE-4733,2022-10-21,"129,0"
ciclo 3,3,RS,ASE-4733,2022-10-22,"251,0"
ciclo 3,3,RS,ASE-4733,2022-10-23,"1,0"
ciclo 3,3,RS,ASE-4733,2022-10-24,"312,0"
ciclo 3,3,RS,ASE-4733,2022-10-25,"262,0"
ciclo 3,3,RS,ASE-4733,2022-10-27,"122,0"
ciclo 3,3,RS,ASE-4733,2022-10-28,"340,0"
ciclo 3,3,RS,ASE-4733,2022-10-29,"126,0"
ciclo 3,3,RS,ASE-4733,2022-11-01,"258,0"
ciclo 3,3,RS,ASE-4733,2022-11-02,"129,0"
ciclo 3,3,RS,ASE-4733,2022-11-03,"161,0"
ciclo 3,3,RS,ASE-4733,2022-11-04,"292,0"
ciclo 3,3,RS,ASE-4733,2022-11-05,"66,0"
ciclo 3,3,RS,ASE-4733,2022-11-13,"10,0"
ciclo 3,3,RS,ASE-4733,2022-11-14,"107,0"
ciclo 3,3,RS,ASE-4733,2022-11-15,"177,0"
ciclo 3,3,RS,ASE-4733,2022-11-27,"119,0"
ciclo 3,3,RS,ASE-4733,2022-11-28,"149,0"
ciclo 3,3,RS,ASE-4733,2022-11-29,"369,0"
ciclo 3,3,RS,ASE-4733,2022-12-01,"221,0"
ciclo 3,3,RS,ASE-4733,2022-12-02,"39,0"
ciclo 3,3,RS,ASE-4733,2022-12-04,"18,0"
ciclo 3,3,SC,ASE-4733,2022-08-24,"3,0"
ciclo 3,3,SC,ASE-4733,2022-08-27,"96,0"
ciclo 3,3,SC,ASE-4733,2022-08-30,"41,0"
ciclo 3,3,SC,ASE-4733,2022-09-29,"37,0"
ciclo 3,3,SC,ASE-4733,2022-09-30,"35,0"
ciclo 3,3,SC,ASE-4733,2022-10-01,"61,0"
ciclo 3,3,SC,ASE-4733,2022-10-03,"134,0"
ciclo 3,3,SC,ASE-4733,2022-10-04,"18,0"
ciclo 3,3,SC,ASE-4733,2022-10-07,"5,0"
ciclo 3,3,SC,ASE-4733,2022-10-08,"36,0"
ciclo 3,3,SC,ASE-4733,2022-11-07,"89,0"
ciclo 3,3,SC,ASE-4733,2022-11-08,"147,0"
ciclo 3,3,SC,ASE-4733,2022-11-09,"56,0"
ciclo 3,3,SC,ASE-4733,2022-11-10,"388,0"
ciclo 3,3,SC,ASE-4733,2022-11-11,"209,0"
ciclo 3,3,SC,ASE-4733,2022-11-12,"192,0"
ciclo 3,3,SC,ASE-4733,2022-11-25,"0,0"
ciclo 3,3,SC,ASE-4733,2022-12-05,"16,0"
ciclo 3,3,SC,RHG-3B23,2022-10-03,"1,0"
ciclo 3,3,SC,RHG-3B23,2022-10-07,"10,0"
ciclo 3,3,SP,RHG-3B23,2022-10-05,"3,0"
ciclo 3,3,SP,RHG-3B23,2022-10-06,"12,0"
ciclo 3,3,SP,RHG-3B23,2022-11-11,"39,0"
ciclo 4,1,AC,RFA-5H23,2023-08-09,"92,0"
ciclo 4,1,AC,RFA-5H23,2023-08-10,"209,0"
ciclo 4,1,AC,RFA-5H23,2023-08-11,"110,0"
ciclo 4,1,AC,RFA-5H23,2023-08-13,"79,0"
ciclo 4,1,AC,RFA-5H23,2023-08-14,"71,0"
ciclo 4,1,AC,RFA-5H23,2023-08-15,"156,0"
ciclo 4,1,AC,RFA-5H23,2023-08-16,"242,0"
ciclo 4,1,AC,RFA-5H23,2023-08-17,"142,0"
ciclo 4,1,AC,RFA-5H23,2023-08-18,"96,0"
ciclo 4,1,AM,RFA-5H23,2023-07-16,"106,0"
ciclo 4,1,AM,RFA-5H23,2023-07-17,"148,0"
ciclo 4,1,AM,RFA-5H23,2023-07-28,"9,0"
ciclo 4,1,AM,RFA-5H23,2023-07-29,"169,0"
ciclo 4,1,AM,RFA-5H23,2023-08-03,"57,0"
ciclo 4,1,AM,RFA-5H23,2023-08-04,"61,0"
ciclo 4,1,AM,RFA-5H23,2023-08-09,"64,0"
ciclo 4,1,AP,RFA-5H23,2023-06-09,"167,0"
ciclo 4,1,AP,RFA-5H23,2023-06-10,"255,0"
ciclo 4,1,AP,RFA-5H23,2023-06-11,"52,0"
ciclo 4,1,DF,QXH-5198,2023-05-16,"34,0"
ciclo 4,1,DF,QXH-5198,2023-05-19,"65,0"
ciclo 4,1,DF,QXH-5198,2023-05-20,"25,0"
ciclo 4,1,DF,QXH-5198,2023-05-22,"49,0"
ciclo 4,1,DF,RFA-5H23,2023-05-15,"47,0"
ciclo 4,1,DF,RFA-5H23,2023-05-16,"17,0"
ciclo 4,1,DF,RFA-5H23,2023-07-29,"36,0"
ciclo 4,1,DF,RFA-5H23,2023-07-30,"5,0"
ciclo 4,1,DF,RFA-5H23,2023-08-01,"25,0"
ciclo 4,1,GO,FWP-6G22,2023-05-16,"0,0"
ciclo 4,1,GO,QXH-5198,2023-05-16,"21,0"
ciclo 4,1,GO,QXH-5198,2023-05-17,"137,0"
ciclo 4,1,GO,QXH-5198,2023-05-18,"115,0"
ciclo 4,1,GO,QXH-5198,2023-05-20,"68,0"
ciclo 4,1,GO,QXH-5198,2023-05-21,"28,0"
ciclo 4,1,GO,QXH-5198,2023-05-22,"29,0"
ciclo 4,1,GO,QXH-5198,2023-05-23,"71,0"
ciclo 4,1,GO,QXH-5198,2023-05-24,"136,0"
ciclo 4,1,GO,QXH-5198,2023-05-25,"55,0"
ciclo 4,1,GO,QXH-5198,2023-05-26,"174,0"
ciclo 4,1,GO,QXH-5198,2023-06-05,"62,0"
ciclo 4,1,GO,QXH-5198,2023-07-20,"23,0"
ciclo 4,1,GO,QXH-5198,2023-07-21,"169,0"
ciclo 4,1,GO,QXH-5198,2023-07-22,"178,0"
ciclo 4,1,GO,QXH-5198,2023-07-23,"234,0"
ciclo 4,1,GO,QXH-5198,2023-07-24,"127,0"
ciclo 4,1,GO,QXH-5198,2023-07-25,"15,0"
ciclo 4,1,GO,QXH-5198,2023-08-02,"3,0"
ciclo 4,1,GO,QXH-5198,2023-08-03,"174,0"
ciclo 4,1,GO,QXH-5198,2023-08-04,"55,0"
ciclo 4,1,GO,QXH-5198,2023-08-08,"6,0"
ciclo 4,1,GO,QXH-5198,2023-09-28,"122,0"
ciclo 4,1,GO,QXH-5198,2023-09-29,"142,0"
ciclo 4,1,GO,RFA-5H23,2023-05-16,"122,0"
ciclo 4,1,GO,RFA-5H23,2023-05-17,"50,0"
ciclo 4,1,GO,RFA-5H23,2023-07-25,"114,0"
ciclo 4,1,GO,RFA-5H23,2023-07-26,"189,0"
ciclo 4,1,GO,RFA-5H23,2023-07-27,"155,0"
ciclo 4,1,GO,RFA-5H23,2023-07-28,"174,0"
ciclo 4,1,GO,RFA-5H23,2023-07-29,"66,0"
ciclo 4,1,GO,RFA-5H23,2023-07-30,"77,0"
ciclo 4,1,GO,RFA-5H23,2023-07-31,"59,0"
ciclo 4,1,GO,RFA-5H23,2023-08-01,"53,0"
ciclo 4,1,GO,RFA-5H23,2023-08-04,"0,0"
ciclo 4,1,GO,RFA-5H23,2023-09-29,"0,0"
ciclo 4,1,MS,QXH-5198,2023-06-02,"205,0"
ciclo 4,1,MS,QXH-5198,2023-06-09,"86,0"
ciclo 4,1,MS,QXH-5198,2023-06-10,"52,0"
ciclo 4,1,MS,QXH-5198,2023-06-11,"105,0"
ciclo 4,1,MS,QXH-5198,2023-06-12,"55,0"
ciclo 4,1,MS,QXH-5198,2023-06-24,"169,0"
ciclo 4,1,MS,QXH-5198,2023-06-25,"187,0"
ciclo 4,1,MS,QXH-5198,2023-06-26,"147,0"
ciclo 4,1,MS,QXH-5198,2023-06-27,"166,0"
ciclo 4,1,MS,QXH-5198,2023-06-28,"114,0"
ciclo 4,1,MS,QXH-5198,2023-06-29,"19,0"
ciclo 4,1,MS,QXH-5198,2023-06-30,"84,0"
ciclo 4,1,MS,QXH-5198,2023-07-01,"193,0"
ciclo 4,1,MS,QXH-5198,2023-07-02,"111,0"
ciclo 4,1,MS,QXH-5198,2023-07-03,"69,0"
ciclo 4,1,MS,QXH-5198,2023-07-04,"47,0"
ciclo 4,1,MS,QXH-5198,2023-07-05,"102,0"
ciclo 4,1,MS,QXH-5198,2023-07-06,"12,0"
ciclo 4,1,MS,QXH-5198,2023-07-07,"99,0"
ciclo 4,1,MS,QXH-5198,2023-07-08,"112,0"
ciclo 4,1,MS,QXH-5198,2023-07-09,"119,0"
ciclo 4,1,MS,QXH-5198,2023-07-10,"121,0"
ciclo 4,1,MS,QXH-5198,2023-07-15,"95,0"
ciclo 4,1,MS,QXH-5198,2023-07-16,"143,0"
ciclo 4,1,MS,QXH-5198,2023-07-17,"86,0"
ciclo 4,1,MS,QXH-5198,2023-07-18,"145,0"
ciclo 4,1,MS,QXH-5198,2023-07-19,"92,0"
ciclo 4,1,MT,QXH-5198,2023-05-28,"166,0"
ciclo 4,1,MT,QXH-5198,2023-05-29,"146,0"
ciclo 4,1,MT,QXH-5198,2023-05-30,"96,0"
ciclo 4,1,MT,QXH-5198,2023-05-31,"145,0"
ciclo 4,1,MT,QXH-5198,2023-06-01,"18,0"
ciclo 4,1,MT,QXH-5198,2023-06-03,"17,0"
ciclo 4,1,MT,QXH-5198,2023-06-04,"183,0"
ciclo 4,1,MT,QXH-5198,2023-06-05,"4,0"
ciclo 4,1,MT,QXH-5198,2023-08-08,"148,0"
ciclo 4,1,MT,QXH-5198,2023-08-09,"132,0"
ciclo 4,1,MT,QXH-5198,2023-08-10,"156,0"
ciclo 4,1,MT,QXH-5198,2023-08-11,"63,0"
ciclo 4,1,MT,QXH-5198,2023-08-12,"154,0"
ciclo 4,1,MT,QXH-5198,2023-08-13,"36,0"
ciclo 4,1,MT,QXH-5198,2023-09-11,"141,0"
ciclo 4,1,MT,QXH-5198,2023-09-13,"104,0"
ciclo 4,1,MT,QXH-5198,2023-09-14,"68,0"
ciclo 4,1,MT,QXH-5198,2023-09-15,"232,0"
ciclo 4,1,MT,QXH-5198,2023-09-16,"186,0"
ciclo 4,1,MT,QXH-5198,2023-09-17,"184,0"
ciclo 4,1,MT,QXH-5198,2023-09-18,"119,0"
ciclo 4,1,MT,QXH-5198,2023-09-19,"53,0"
ciclo 4,1,MT,QXH-5198,2023-09-20,"188,0"
ciclo 4,1,MT,QXH-5198,2023-09-21,"191,0"
ciclo 4,1,MT,QXH-5198,2023-09-22,"171,0"
ciclo 4,1,MT,QXH-5198,2023-09-23,"210,0"
ciclo 4,1,MT,QXH-5198,2023-09-24,"48,0"
ciclo 4,1,MT,QXH-5198,2023-09-25,"16,0"
ciclo 4,1,MT,QXH-5198,2023-09-28,"33,0"
ciclo 4,1,MT,QXH-5198,2023-09-29,"165,0"
ciclo 4,1,MT,QXH-5198,2023-09-30,"9,0"
ciclo 4,1,PA,QXH-5198,2023-05-31,"0,0"
ciclo 4,1,PA,QXH-5198,2023-08-13,"121,0"
ciclo 4,1,PA,QXH-5198,2023-08-14,"168,0"
ciclo 4,1,PA,QXH-5198,2023-08-15,"247,0"
ciclo 4,1,PA,QXH-5198,2023-08-16,"95,0"
ciclo 4,1,PA,QXH-5198,2023-08-17,"111,0"
ciclo 4,1,PA,QXH-5198,2023-08-18,"223,0"
ciclo 4,1,PA,QXH-5198,2023-08-19,"89,0"
ciclo 4,1,PA,QXH-5198,2023-08-20,"158,0"
ciclo 4,1,PA,QXH-5198,2023-08-22,"10,0"
ciclo 4,1,PA,RFA-5H23,2023-05-31,"160,0"
ciclo 4,1,PA,RFA-5H23,2023-06-01,"136,0"
ciclo 4,1,PA,RFA-5H23,2023-06-02,"211,0"
ciclo 4,1,PA,RFA-5H23,2023-06-03,"146,0"
ciclo 4,1,PA,RFA-5H23,2023-06-04,"123,0"
ciclo 4,1,PA,RFA-5H23,2023-06-05,"163,0"
ciclo 4,1,PA,RFA-5H23,2023-06-06,"100,0"
ciclo 4,1,PA,RFA-5H23,2023-08-24,"87,0"
ciclo 4,1,RO,RFA-5H23,2023-08-04,"142,0"
ciclo 4,1,RO,RFA-5H23,2023-08-08,"131,0"
ciclo 4,1,RO,RFA-5H23,2023-08-18,"148,0"
ciclo 4,1,RO,RFA-5H23,2023-08-19,"210,0"
ciclo 4,1,RO,RFA-5H23,2023-08-20,"136,0"
ciclo 4,1,RO,RFA-5H23,2023-08-21,"113,0"
ciclo 4,1,RO,RFA-5H23,2023-08-22,"184,0"
ciclo 4,1,RO,RFA-5H23,2023-08-23,"201,0"
ciclo 4,1,RO,RFA-5H23,2023-08-24,"180,0"
ciclo 4,1,RO,RFA-5H23,2023-08-25,"265,0"
ciclo 4,1,RO,RFA-5H23,2023-08-26,"161,0"
ciclo 4,1,RO,RFA-5H23,2023-08-27,"82,0"
ciclo 4,1,RR,RFA-5H23,2023-07-17,"42,0"
ciclo 4,1,RR,RFA-5H23,2023-07-18,"140,0"
ciclo 4,1,RR,RFA-5H23,2023-07-19,"128,0"
ciclo 4,1,RR,RFA-5H23,2023-07-20,"191,0"
ciclo 4,1,RR,RFA-5H23,2023-07-21,"143,0"
ciclo 4,1,RR,RFA-5H23,2023-07-22,"86,0"
ciclo 4,1,RR,RFA-5H23,2023-07-23,"16,0"
ciclo 4,1,RR,RFA-5H23,2023-07-24,"106,0"
ciclo 4,1,RR,RFA-5H23,2023-07-25,"110,0"
ciclo 4,1,RR,RFA-5H23,2023-07-26,"52,0"
ciclo 4,1,RR,RFA-5H23,2023-07-27,"117,0"
ciclo 4,1,TO,RFA-5H23,2023-05-17,"41,0"
ciclo 4,1,TO,RFA-5H23,2023-05-18,"126,0"
ciclo 4,1,TO,RFA-5H23,2023-05-19,"168,0"
ciclo 4,1,TO,RFA-5H23,2023-05-20,"72,0"
ciclo 4,1,TO,RFA-5H23,2023-05-21,"94,0"
ciclo 4,1,TO,RFA-5H23,2023-05-22,"105,0"
ciclo 4,1,TO,RFA-5H23,2023-05-23,"33,0"
ciclo 4,1,TO,RFA-5H23,2023-05-24,"122,0"
ciclo 4,1,TO,RFA-5H23,2023-05-25,"162,0"
ciclo 4,1,TO,RFA-5H23,2023-05-26,"126,0"
ciclo 4,1,TO,RFA-5H23,2023-05-27,"130,0"
ciclo 4,1,TO,RFA-5H23,2023-05-28,"152,0"
ciclo 4,1,TO,RFA-5H23,2023-05-30,"157,0"
ciclo 4,1,TO,RFA-5H23,2023-05-31,"45,0"
ciclo 4,1,TO,RFA-5H23,2023-12-03,"9,0"
ciclo 4,1,TO,RFA-5H23,2023-12-04,"9,0"
ciclo 4,1,TO,RFA-5H23,2023-12-05,"50,0"
ciclo 4,2,AL,IZV6C04,2023-07-25,"41,0"
ciclo 4,2,AL,IZV6C04,2023-07-26,"186,0"
ciclo 4,2,AL,IZV6C04,2023-07-27,"167,0"
ciclo 4,2,AL,IZV6C04,2023-07-28,"102,0"
ciclo 4,2,AL,IZV6C04,2023-07-30,"194,0"
ciclo 4,2,AL,IZV6C04,2023-07-31,"81,0"
ciclo 4,2,AL,IZV6C04,2023-08-03,"153,0"
ciclo 4,2,AL,IZV6C04,2023-08-04,"28,0"
ciclo 4,2,BA,IZV6C04,2023-05-02,"123,0"
ciclo 4,2,BA,IZV6C04,2023-05-03,"98,0"
ciclo 4,2,BA,IZV6C04,2023-05-04,"77,0"
ciclo 4,2,BA,IZV6C04,2023-05-05,"83,0"
ciclo 4,2,BA,IZV6C04,2023-05-06,"74,0"
ciclo 4,2,BA,IZV6C04,2023-05-08,"53,0"
ciclo 4,2,BA,IZV6C04,2023-05-09,"28,0"
ciclo 4,2,BA,IZV6C04,2023-05-10,"255,0"
ciclo 4,2,BA,IZV6C04,2023-05-11,"350,0"
ciclo 4,2,BA,IZV6C04,2023-05-12,"140,0"
ciclo 4,2,BA,IZV6C04,2023-05-13,"220,0"
ciclo 4,2,BA,IZV6C04,2023-05-14,"87,0"
ciclo 4,2,BA,IZV6C04,2023-05-19,"170,0"
ciclo 4,2,BA,IZV6C04,2023-05-20,"169,0"
ciclo 4,2,BA,IZV6C04,2023-05-21,"162,0"
ciclo 4,2,BA,IZV6C04,2023-05-22,"232,0"
ciclo 4,2,BA,IZV6C04,2023-05-23,"282,0"
ciclo 4,2,BA,IZV6C04,2023-05-24,"154,0"
ciclo 4,2,BA,IZV6C04,2023-06-16,"151,0"
ciclo 4,2,BA,IZV6C04,2023-06-17,"70,0"
ciclo 4,2,BA,IZV6C04,2023-06-18,"1,0"
ciclo 4,2,BA,IZV6C04,2023-06-19,"174,0"
ciclo 4,2,BA,IZV6C04,2023-06-22,"57,0"
ciclo 4,2,BA,IZV6C04,2023-06-23,"112,0"
ciclo 4,2,BA,IZV6C04,2023-06-24,"166,0"
ciclo 4,2,BA,IZV6C04,2023-06-25,"52,0"
ciclo 4,2,BA,IZV6C04,2023-06-26,"44,0"
ciclo 4,2,BA,IZV6C04,2023-06-27,"216,0"
ciclo 4,2,BA,IZV6C04,2023-06-28,"84,0"
ciclo 4,2,BA,IZV6C04,2023-06-30,"245,0"
ciclo 4,2,BA,IZV6C04,2023-07-02,"124,0"
ciclo 4,2,BA,IZV6C04,2023-07-04,"35,0"
ciclo 4,2,BA,IZV6C04,2023-07-05,"75,0"
ciclo 4,2,BA,IZV6C04,2023-07-06,"149,0"
ciclo 4,2,BA,IZV6C04,2023-07-07,"164,0"
ciclo 4,2,BA,IZV6C04,2023-07-08,"158,0"
ciclo 4,2,BA,IZV6C04,2023-07-09,"228,0"
ciclo 4,2,BA,IZV6C04,2023-07-10,"47,0"
ciclo 4,2,BA,IZV6C04,2023-07-11,"231,0"
ciclo 4,2,BA,IZV6C04,2023-07-12,"162,0"
ciclo 4,2,BA,IZV6C04,2023-07-13,"172,0"
ciclo 4,2,BA,IZV6C04,2023-07-14,"231,0"
ciclo 4,2,BA,IZV6C04,2023-07-16,"3,0"
ciclo 4,2,CE,IYB0025,2023-05-14,"102,0"
ciclo 4,2,CE,IYB0025,2023-05-15,"112,0"
ciclo 4,2,CE,IYB0025,2023-05-16,"311,0"
ciclo 4,2,CE,IYB0025,2023-05-17,"191,0"
ciclo 4,2,CE,IYB0025,2023-05-18,"77,0"
ciclo 4,2,CE,IYB0025,2023-05-19,"253,0"
ciclo 4,2,CE,IYB0025,2023-05-20,"152,0"
ciclo 4,2,CE,IYB0025,2023-05-21,"150,0"
ciclo 4,2,CE,IYB0025,2023-05-22,"185,0"
ciclo 4,2,CE,IYB0025,2023-05-23,"139,0"
ciclo 4,2,CE,IYB0025,2023-05-24,"161,0"
ciclo 4,2,CE,IYB0025,2023-05-25,"17,0"
ciclo 4,2,CE,IYB0025,2023-05-26,"51,0"
ciclo 4,2,CE,IYB0025,2023-05-27,"302,0"
ciclo 4,2,MA,IYB0025,2023-06-21,"57,0"
ciclo 4,2,MA,IYB0025,2023-06-22,"290,0"
ciclo 4,2,MA,IYB0025,2023-06-23,"260,0"
ciclo 4,2,MA,IYB0025,2023-06-24,"249,0"
ciclo 4,2,MA,IYB0025,2023-06-26,"231,0"
ciclo 4,2,MA,IYB0025,2023-06-27,"206,0"
ciclo 4,2,MA,IYB0025,2023-06-28,"154,0"
ciclo 4,2,MA,IYB0025,2023-06-29,"240,0"
ciclo 4,2,MA,IYB0025,2023-06-30,"230,0"
ciclo 4,2,MA,IYB0025,2023-07-02,"47,0"
ciclo 4,2,MA,IYB0025,2023-07-15,"75,0"
ciclo 4,2,MA,IYB0025,2023-07-16,"185,0"
ciclo 4,2,MA,IYB0025,2023-07-17,"288,0"
ciclo 4,2,MA,IYB0025,2023-07-18,"96,0"
ciclo 4,2,MA,IYB0025,2023-07-19,"168,0"
ciclo 4,2,MA,IYB0025,2023-07-20,"272,0"
ciclo 4,2,MA,IYB0025,2023-07-21,"196,0"
ciclo 4,2,MA,IYB0025,2023-07-22,"34,0"
ciclo 4,2,PB,IZV6C04,2023-07-25,"193,0"
ciclo 4,2,PB,IZV6C04,2023-07-26,"212,0"
ciclo 4,2,PB,IZV6C04,2023-07-27,"211,0"
ciclo 4,2,PB,IZV6C04,2023-07-28,"114,0"
ciclo 4,2,PB,IZV6C04,2023-07-29,"131,0"
ciclo 4,2,PB,IZV6C04,2023-07-30,"113,0"
ciclo 4,2,PB,IZV6C04,2023-07-31,"123,0"
ciclo 4,2,PB,IZV6C04,2023-08-16,"44,0"
ciclo 4,2,PB,IZV6C04,2023-08-17,"156,0"
ciclo 4,2,PB,IZV6C04,2023-08-18,"22,0"
ciclo 4,2,PB,IZV6C04,2023-08-19,"50,0"
ciclo 4,2,PB,IZV6C04,2023-08-21,"239,0"
ciclo 4,2,PE,IZV6C04,2023-08-05,"98,0"
ciclo 4,2,PE,IZV6C04,2023-08-17,"86,0"
ciclo 4,2,PE,IZV6C04,2023-08-19,"45,0"
ciclo 4,2,PE,IZV6C04,2023-08-20,"93,0"
ciclo 4,2,PE,IZV6C04,2023-08-21,"183,0"
ciclo 4,2,PE,IZV6C04,2023-08-22,"332,0"
ciclo 4,2,PE,IZV6C04,2023-08-23,"399,0"
ciclo 4,2,PE,IZV6C04,2023-08-24,"142,0"
ciclo 4,2,PE,IZV6C04,2023-08-25,"504,0"
ciclo 4,2,PE,IZV6C04,2023-08-26,"388,0"
ciclo 4,2,PI,IYB0025,2023-05-29,"134,0"
ciclo 4,2,PI,IYB0025,2023-05-30,"19,0"
ciclo 4,2,PI,IYB0025,2023-05-31,"200,0"
ciclo 4,2,PI,IYB0025,2023-06-01,"238,0"
ciclo 4,2,PI,IYB0025,2023-06-02,"69,0"
ciclo 4,2,PI,IYB0025,2023-06-03,"213,0"
ciclo 4,2,PI,IYB0025,2023-06-04,"194,0"
ciclo 4,2,PI,IYB0025,2023-06-05,"211,0"
ciclo 4,2,PI,IYB0025,2023-06-06,"147,0"
ciclo 4,2,PI,IYB0025,2023-06-07,"164,0"
ciclo 4,2,PI,IYB0025,2023-06-08,"233,0"
ciclo 4,2,PI,IYB0025,2023-06-10,"304,0"
ciclo 4,2,PI,IYB0025,2023-06-11,"125,0"
ciclo 4,2,PI,IYB0025,2023-06-17,"13,0"
ciclo 4,2,PI,IYB0025,2023-06-18,"117,0"
ciclo 4,2,PI,IYB0025,2023-06-19,"10,0"
ciclo 4,2,PI,IYB0025,2023-06-20,"84,0"
ciclo 4,2,RN,IYB0025,2023-05-02,"146,0"
ciclo 4,2,RN,IYB0025,2023-05-03,"29,0"
ciclo 4,2,RN,IYB0025,2023-05-04,"181,0"
ciclo 4,2,RN,IYB0025,2023-05-05,"181,0"
ciclo 4,2,RN,IYB0025,2023-05-06,"167,0"
ciclo 4,2,RN,IYB0025,2023-05-07,"179,0"
ciclo 4,2,RN,IYB0025,2023-05-08,"172,0"
ciclo 4,2,RN,IYB0025,2023-05-09,"203,0"
ciclo 4,2,RN,IYB0025,2023-05-10,"198,0"
ciclo 4,2,RN,IYB0025,2023-05-11,"51,0"
ciclo 4,2,RN,IYB0025,2023-05-12,"124,0"
ciclo 4,2,SE,IZV6C04,2023-07-21,"68,0"
ciclo 4,2,SE,IZV6C04,2023-07-22,"105,0"
ciclo 4,2,SE,IZV6C04,2023-07-23,"128,0"
ciclo 4,2,SE,IZV6C04,2023-07-24,"81,0"
ciclo 4,3,ES,FWP-6G22,2023-05-22,"100,0"
ciclo 4,3,ES,FWP-6G22,2023-05-25,"92,0"
ciclo 4,3,ES,FWP-6G22,2023-05-26,"57,0"
ciclo 4,3,ES,FWP-6G22,2023-05-27,"48,0"
ciclo 4,3,ES,FWP-6G22,2023-06-01,"71,0"
ciclo 4,3,ES,FWP-6G22,2023-06-02,"12,0"
ciclo 4,3,ES,FWP-6G22,2023-06-03,"157,0"
ciclo 4,3,ES,FWP-6G22,2023-06-04,"30,0"
ciclo 4,3,ES,FWP-6G22,2023-09-06,"4,0"
ciclo 4,3,MG,FWP-6G22,2023-05-01,"6,0"
ciclo 4,3,MG,FWP-6G22,2023-05-06,"90,0"
ciclo 4,3,MG,FWP-6G22,2023-05-07,"12,0"
ciclo 4,3,MG,FWP-6G22,2023-05-09,"146,0"
ciclo 4,3,MG,FWP-6G22,2023-05-10,"77,0"
ciclo 4,3,MG,FWP-6G22,2023-05-13,"115,0"
ciclo 4,3,MG,FWP-6G22,2023-05-14,"273,0"
ciclo 4,3,MG,FWP-6G22,2023-05-15,"133,0"
ciclo 4,3,MG,FWP-6G22,2023-05-16,"200,0"
ciclo 4,3,MG,FWP-6G22,2023-05-17,"259,0"
ciclo 4,3,MG,FWP-6G22,2023-05-18,"147,0"
ciclo 4,3,MG,FWP-6G22,2023-05-19,"163,0"
ciclo 4,3,MG,FWP-6G22,2023-05-20,"141,0"
ciclo 4,3,MG,FWP-6G22,2023-05-21,"115,0"
ciclo 4,3,MG,FWP-6G22,2023-06-05,"77,0"
ciclo 4,3,MG,FWP-6G22,2023-06-08,"130,0"
ciclo 4,3,MG,FWP-6G22,2023-06-10,"185,0"
ciclo 4,3,MG,FWP-6G22,2023-06-21,"2,0"
ciclo 4,3,MG,FWP-6G22,2023-06-27,"69,0"
ciclo 4,3,MG,FWP-6G22,2023-06-30,"89,0"
ciclo 4,3,MG,FWP-6G22,2023-07-01,"173,0"
ciclo 4,3,MG,FWP-6G22,2023-07-02,"210,0"
ciclo 4,3,MG,FWP-6G22,2023-07-03,"73,0"
ciclo 4,3,MG,FWP-6G22,2023-07-04,"142,0"
ciclo 4,3,MG,FWP-6G22,2023-07-06,"17,0"
ciclo 4,3,MG,FWP-6G22,2023-07-08,"43,0"
ciclo 4,3,MG,FWP-6G22,2023-07-11,"87,0"
ciclo 4,3,MG,FWP-6G22,2023-07-12,"63,0"
ciclo 4,3,MG,FWP-6G22,2023-07-13,"83,0"
ciclo 4,3,MG,FWP-6G22,2023-07-14,"33,0"
ciclo 4,3,MG,FWP-6G22,2023-07-15,"7,0"
ciclo 4,3,MG,FWP-6G22,2023-07-16,"103,0"
ciclo 4,3,MG,FWP-6G22,2023-07-17,"159,0"
ciclo 4,3,MG,FWP-6G22,2023-07-18,"72,0"
ciclo 4,3,MG,FWP-6G22,2023-07-19,"55,0"
ciclo 4,3,MG,FWP-6G22,2023-07-21,"119,0"
ciclo 4,3,MG,FWP-6G22,2023-08-02,"60,0"
ciclo 4,3,MG,FWP-6G22,2023-08-03,"65,0"
ciclo 4,3,MG,FWP-6G22,2023-08-04,"112,0"
ciclo 4,3,MG,FWP-6G22,2023-08-05,"180,0"
ciclo 4,3,MG,FWP-6G22,2023-08-06,"83,0"
ciclo 4,3,MG,FWP-6G22,2023-08-08,"40,0"
ciclo 4,3,MG,FWP-6G22,2023-08-09,"113,0"
ciclo 4,3,MG,FWP-6G22,2023-08-10,"75,0"
ciclo 4,3,MG,FWP-6G22,2023-08-11,"203,0"
ciclo 4,3,MG,FWP-6G22,2023-08-12,"190,0"
ciclo 4,3,MG,FWP-6G22,2023-08-13,"156,0"
ciclo 4,3,MG,FWP-6G22,2023-08-14,"212,0"
ciclo 4,3,MG,FWP-6G22,2023-08-15,"110,0"
ciclo 4,3,MG,FWP-6G22,2023-08-16,"56,0"
ciclo 4,3,MG,FWP-6G22,2023-08-17,"125,0"
ciclo 4,3,MG,FWP-6G22,2023-08-18,"165,0"
ciclo 4,3,MG,FWP-6G22,2023-08-19,"92,0"
ciclo 4,3,MG,FWP-6G22,2023-08-30,"78,0"
ciclo 4,3,MG,FWP-6G22,2023-08-31,"67,0"
ciclo 4,3,MG,FWP-6G22,2023-09-01,"178,0"
ciclo 4,3,MG,FWP-6G22,2023-09-02,"191,0"
ciclo 4,3,MG,FWP-6G22,2023-09-03,"184,0"
ciclo 4,3,MG,FWP-6G22,2023-09-04,"169,0"
ciclo 4,3,MG,FWP-6G22,2023-09-05,"7,0"
ciclo 4,3,MG,FWP-6G22,2023-12-20,"6,0"
ciclo 4,3,PR,SDS-3G27,2023-05-18,"209,0"
ciclo 4,3,PR,SDS-3G27,2023-05-19,"209,0"
ciclo 4,3,PR,SDS-3G27,2023-05-20,"184,0"
ciclo 4,3,PR,SDS-3G27,2023-05-22,"169,0"
ciclo 4,3,PR,SDS-3G27,2023-05-23,"220,0"
ciclo 4,3,PR,SDS-3G27,2023-05-24,"66,0"
ciclo 4,3,PR,SDS-3G27,2023-05-25,"75,0"
ciclo 4,3,PR,SDS-3G27,2023-05-26,"264,0"
ciclo 4,3,PR,SDS-3G27,2023-05-27,"50,0"
ciclo 4,3,PR,SDS-3G27,2023-05-31,"60,0"
ciclo 4,3,PR,SDS-3G27,2023-06-01,"78,0"
ciclo 4,3,PR,SDS-3G27,2023-06-03,"146,0"
ciclo 4,3,PR,SDS-3G27,2023-06-04,"155,0"
ciclo 4,3,PR,SDS-3G27,2023-06-05,"167,0"
ciclo 4,3,PR,SDS-3G27,2023-06-06,"230,0"
ciclo 4,3,PR,SDS-3G27,2023-06-07,"83,0"
ciclo 4,3,PR,SDS-3G27,2023-06-08,"328,0"
ciclo 4,3,PR,SDS-3G27,2023-06-09,"22,0"
ciclo 4,3,PR,SDS-3G27,2023-06-10,"75,0"
ciclo 4,3,PR,SDS-3G27,2023-06-17,"138,0"
ciclo 4,3,PR,SDS-3G27,2023-06-18,"154,0"
ciclo 4,3,PR,SDS-3G27,2023-06-19,"194,0"
ciclo 4,3,PR,SDS-3G27,2023-06-20,"113,0"
ciclo 4,3,PR,SDS-3G27,2023-06-21,"188,0"
ciclo 4,3,PR,SDS-3G27,2023-06-25,"130,0"
ciclo 4,3,PR,SDS-3G27,2023-09-10,"211,0"
ciclo 4,3,PR,SDS-3G27,2023-09-11,"129,0"
ciclo 4,3,PR,SDS-3G27,2023-09-13,"106,0"
ciclo 4,3,PR,SDS-3G27,2023-09-14,"168,0"
ciclo 4,3,PR,SDS-3G27,2023-09-15,"134,0"
ciclo 4,3,RJ,FWP-6G22,2023-06-05,"30,0"
ciclo 4,3,RJ,FWP-6G22,2023-06-06,"147,0"
ciclo 4,3,RJ,FWP-6G22,2023-06-27,"34,0"
ciclo 4,3,RJ,FWP-6G22,2023-06-28,"194,0"
ciclo 4,3,RJ,FWP-6G22,2023-06-29,"67,0"
ciclo 4,3,RS,SDS-3G27,2023-06-26,"62,0"
ciclo 4,3,RS,SDS-3G27,2023-07-01,"40,0"
ciclo 4,3,RS,SDS-3G27,2023-07-03,"291,0"
ciclo 4,3,RS,SDS-3G27,2023-07-04,"177,0"
ciclo 4,3,RS,SDS-3G27,2023-07-05,"67,0"
ciclo 4,3,RS,SDS-3G27,2023-07-06,"325,0"
ciclo 4,3,RS,SDS-3G27,2023-07-08,"173,0"
ciclo 4,3,RS,SDS-3G27,2023-07-09,"370,0"
ciclo 4,3,RS,SDS-3G27,2023-07-10,"184,0"
ciclo 4,3,RS,SDS-3G27,2023-07-11,"344,0"
ciclo 4,3,RS,SDS-3G27,2023-07-17,"189,0"
ciclo 4,3,RS,SDS-3G27,2023-07-18,"154,0"
ciclo 4,3,RS,SDS-3G27,2023-07-19,"152,0"
ciclo 4,3,RS,SDS-3G27,2023-07-20,"100,0"
ciclo 4,3,RS,SDS-3G27,2023-07-21,"137,0"
ciclo 4,3,RS,SDS-3G27,2023-07-24,"85,0"
ciclo 4,3,RS,SDS-3G27,2023-08-06,"74,0"
ciclo 4,3,RS,SDS-3G27,2023-08-08,"70,0"
ciclo 4,3,RS,SDS-3G27,2023-08-13,"16,0"
ciclo 4,3,RS,SDS-3G27,2023-08-14,"133,0"
ciclo 4,3,RS,SDS-3G27,2023-08-15,"227,0"
ciclo 4,3,RS,SDS-3G27,2023-08-16,"0,0"
ciclo 4,3,RS,SDS-3G27,2023-08-17,"162,0"
ciclo 4,3,RS,SDS-3G27,2023-08-18,"57,0"
ciclo 4,3,RS,SDS-3G27,2023-08-19,"49,0"
ciclo 4,3,RS,SDS-3G27,2023-08-21,"205,0"
ciclo 4,3,RS,SDS-3G27,2023-08-22,"263,0"
ciclo 4,3,RS,SDS-3G27,2023-08-24,"134,0"
ciclo 4,3,RS,SDS-3G27,2023-08-25,"196,0"
ciclo 4,3,RS,SDS-3G27,2023-08-26,"216,0"
ciclo 4,3,RS,SDS-3G27,2023-08-27,"213,0"
ciclo 4,3,SC,FWP-6G22,2023-08-31,"3,0"
ciclo 4,3,SC,SDS-3G27,2023-06-21,"3,0"
ciclo 4,3,SC,SDS-3G27,2023-06-25,"58,0"
ciclo 4,3,SC,SDS-3G27,2023-06-26,"65,0"
ciclo 4,3,SC,SDS-3G27,2023-06-27,"231,0"
ciclo 4,3,SC,SDS-3G27,2023-06-28,"49,0"
ciclo 4,3,SC,SDS-3G27,2023-06-30,"72,0"
ciclo 4,3,SC,SDS-3G27,2023-07-01,"50,0"
ciclo 4,3,SC,SDS-3G27,2023-08-04,"65,0"
ciclo 4,3,SC,SDS-3G27,2023-08-05,"252,0"
ciclo 4,3,SC,SDS-3G27,2023-08-13,"7,0"
ciclo 4,3,SC,SDS-3G27,2023-08-29,"312,0"
ciclo 4,3,SC,SDS-3G27,2023-08-30,"104,0"
ciclo 4,3,SC,SDS-3G27,2023-08-31,"110,0"
ciclo 4,3,SC,SDS-3G27,2023-09-01,"281,0"
ciclo 4,3,SC,SDS-3G27,2023-09-02,"25,0"
ciclo 4,3,SC,SDS-3G27,2023-09-04,"25,0"
ciclo 4,3,SC,SDS-3G27,2023-09-05,"15,0"
ciclo 4,3,SP,FWP-6G22,2023-06-21,"10,0"
ciclo 4,3,SP,FWP-6G22,2023-06-26,"32,0"
ciclo 4,3,SP,FWP-6G22,2023-08-07,"14,0"
